review,cleaned_review,cleaned_review_stemmed,nama desa wisata,provinsi
Desa wisata yang komplit,desa wisata komplit,desa wisata komplit,Desa Wisata Setulang,Kalimantan Utara
Sangat Indah♥️♥️ disarankan bagi teman-teman yang mau berwisata kesini untuk memakai provider Telkomsel supaya bisa tetap terhubung ke internet seperti yang saya lakukan saat berkunjung kesini♥️,indah disarankan teman teman berwisata kesini memakai provider telkomsel terhubung internet lakukan berkunjung kesini,indah saran teman teman wisata kesini pakai provider telkomsel hubung internet laku kunjung kesini,Desa Wisata Setulang,Kalimantan Utara
Recommended bingiiiits,recommended bingiiiits,recommended bingiiiits,Desa Wisata Setulang,Kalimantan Utara
"Desa Wisata Setulang, spot foto dan ngadem yg sangat Indah di Malinau",desa wisata setulang spot foto ngadem indah malinau,desa wisata tulang spot foto ngadem indah malinau,Desa Wisata Setulang,Kalimantan Utara
Istimewa,istimewa,istimewa,Desa Wisata Setulang,Kalimantan Utara
Keren Banget.. cocok buat liburan..,keren banget cocok liburan,keren banget cocok libur,Desa Wisata Setulang,Kalimantan Utara
Bagus banget,bagus banget,bagus banget,Desa Wisata Setulang,Kalimantan Utara
Bagus,bagus,bagus,Desa Wisata Setulang,Kalimantan Utara
Ramah dan welcome,ramah welcome,ramah welcome,Desa Wisata Setulang,Kalimantan Utara
"Penduduknya ramah, lingkungan nyaman dan aman, getring closer with nature and culture for self healing",penduduknya ramah lingkungan nyaman aman getring closer with nature and culture for self healing,duduk ramah lingkung nyaman aman getring closer with nature and culture for self healing,Desa Wisata Setulang,Kalimantan Utara
Desa yg Damai,desa damai,desa damai,Desa Wisata Setulang,Kalimantan Utara
"Desa wisata di Kabupaten Malinau yang didiami oleh Suku Kenyah Ma'lung. Yang dapat dikunjungi adalah Lamin Adat Adjang Liden, Kelupi (Pemeras Tebu Tradisional), Lomba Sumpit, dan wisata lainnya",desa wisata kabupaten malinau didiami suku kenyah lung dikunjungi lamin adat adjang liden kelupi pemeras tebu tradisional lomba sumpit wisata,desa wisata kabupaten malinau ami suku kenyah lung kunjung lamin adat adjang liden lup peras tebu tradisional lomba sumpit wisata,Desa Wisata Setulang,Kalimantan Utara
Desa yang unik dan menarik untuk di kunjungi,desa unik menarik kunjungi,desa unik tarik kunjung,Desa Wisata Setulang,Kalimantan Utara
"Rumah adatnya mantap dan lapangannya bersih yaa...

Tapi sayang...jalan menuju ke desa wisata setulang harus agak bersabar...kRena jalannya banyak yg berlubang...",rumah adatnya mantap lapangannya bersih sayang jalan desa wisata setulang bersabar jalannya berlubang,rumah adat mantap lapang bersih sayang jalan desa wisata tulang sabar jalan lubang,Desa Wisata Setulang,Kalimantan Utara
Sangat menyenangkan,menyenangkan,senang,Desa Wisata Setulang,Kalimantan Utara
Tana olen tempat rekreasi bersama keluarga,tana olen rekreasi keluarga,tana olen rekreasi keluarga,Desa Wisata Setulang,Kalimantan Utara
Semoga flora dan fauna hutan Tanah Olen terjaga dari orang orang yg tdk bertanggung jawab.ayo saudaraku putra putri Borneo kita jg warisan buat anak cucu kelak...,semoga flora fauna hutan tanah olen terjaga bertanggung ayo saudaraku putra putri borneo warisan anak cucu kelak,moga flora fauna hutan tanah olen jaga tanggung ayo saudara putra putri borneo waris anak cucu kelak,Desa Wisata Setulang,Kalimantan Utara
"Salam dari Kalimantan Selatan, menyempatkan waktu untuk berkunjung kesini.",kalimantan selatan menyempatkan waktu berkunjung kesini,kalimantan selatan sempat waktu kunjung kesini,Desa Wisata Setulang,Kalimantan Utara
"Desa wisata yg sangat indah, menarik, asri dan wajib dikunjungi saat singgah di malinau",desa wisata indah menarik asri wajib dikunjungi singgah malinau,desa wisata indah tarik asri wajib kunjung singgah malinau,Desa Wisata Setulang,Kalimantan Utara
Suasana menyatu dengan alam dengan kearifan lokal...air yang jernih dan tempat yang bersih  menenangan pikiran. pulang2 freeesss dech👍,suasana menyatu alam kearifan lokal air jernih bersih menenangan pikiran pulang freeesss,suasana satu alam arif lokal air jernih bersih tenang pikir pulang freeesss,Desa Wisata Setulang,Kalimantan Utara
Desa yang menampilkan budaya etnis Dayak Kenyah,desa menampilkan budaya etnis dayak kenyah,desa tampil budaya etnis dayak kenyah,Desa Wisata Setulang,Kalimantan Utara
Memberikan kesan adat budaya yang masih kental,kesan adat budaya kental,kesan adat budaya kental,Desa Wisata Setulang,Kalimantan Utara
Nice view,nice view,nice view,Desa Wisata Setulang,Kalimantan Utara
Badaahh leh,badaahh,badaahh,Desa Wisata Setulang,Kalimantan Utara
Kembangkan lebih baik lagi👍,kembangkan,kembang,Desa Wisata Setulang,Kalimantan Utara
"Wisata alam dan petualang yg murah meriah, bisa camping, renang dll. Airnya jernih alami.",wisata alam petualang murah meriah camping renang dll airnya jernih alami,wisata alam tualang murah riah camping renang dll air jernih alami,Desa Wisata Setulang,Kalimantan Utara
"Sungainya sebening kaca, sangat bening, jernih, bebas polusi dan sangat nyaman untuk mandi mandi baik untuk healing maupun camping.",sungainya sebening kaca bening jernih bebas polusi nyaman mandi mandi healing camping,sungai bening kaca bening jernih bebas polusi nyaman mandi mandi healing camping,Desa Wisata Setulang,Kalimantan Utara
desanya bersih masyarakatnya ramah,desanya bersih masyarakatnya ramah,desa bersih masyarakat ramah,Desa Wisata Setulang,Kalimantan Utara
Tempat yang indah untuk dikunjungi,indah dikunjungi,indah kunjung,Desa Wisata Setulang,Kalimantan Utara
Lumayan bagus dan asri,lumayan bagus asri,lumayan bagus asri,Desa Wisata Setulang,Kalimantan Utara
Desa dengan kearifan lokal yg luar biasa.,desa kearifan lokal,desa arif lokal,Desa Wisata Setulang,Kalimantan Utara
"Desa yang asri dan rindang.

Untuk perjalanan ke desa ini membutuhkan waktu sekitar 1 jam dari kota Malinau.",desa asri rindang perjalanan desa membutuhkan waktu jam kota malinau,desa asri rindang jalan desa butuh waktu jam kota malinau,Desa Wisata Setulang,Kalimantan Utara
Kereen dan bersih.... sayang infomasi wisatanya kurang. Dan sulit mencari makanan lokal ......,keren bersih sayang infomasi wisatanya sulit mencari makanan lokal,keren bersih sayang infomasi wisata sulit cari makan lokal,Desa Wisata Setulang,Kalimantan Utara
suasana nya Tenang,suasana tenang,suasana tenang,Desa Wisata Setulang,Kalimantan Utara
Sangat recomended sebagai tempat wisata budaya,recomended wisata budaya,recomended wisata budaya,Desa Wisata Setulang,Kalimantan Utara
Oke banget,oke banget,oke banget,Desa Wisata Setulang,Kalimantan Utara
Mantap gan,mantap gan,mantap gan,Desa Wisata Setulang,Kalimantan Utara
"Kami ke sungai tane olen dan cukup bagus. Ada yg berjualan makanan, penyewaan perahu karet buat anak2 dll.",sungai tane olen bagus berjualan makanan penyewaan perahu karet anak dll,sungai tane olen bagus jual makan sewa perahu karet anak dll,Desa Wisata Setulang,Kalimantan Utara
desa wisata setulang (tanah olen),desa wisata setulang tanah olen,desa wisata tulang tanah olen,Desa Wisata Setulang,Kalimantan Utara
"desa wisata bgt
cocok buat wisatawan lokal atau asing",desa wisata banget cocok wisatawan lokal asing,desa wisata banget cocok wisatawan lokal asing,Desa Wisata Setulang,Kalimantan Utara
Wow wow wow,wow wow wow,wow wow wow,Desa Wisata Setulang,Kalimantan Utara
"Desa yg indah.
Memiliki budaya lokal yg masih kental,budaya turun temurun dari nenek moyang terdahulu.
Juga memiliki hutan yg masih alami.",desa indah memiliki budaya lokal kental budaya turun temurun nenek moyang memiliki hutan alami,desa indah milik budaya lokal kental budaya turun turun nenek moyang milik hutan alami,Desa Wisata Setulang,Kalimantan Utara
"""Desa Wisata Setulang"" Destinasi Wisata Budaya dan Wisata Alam di Kecamatan Malinau Selatan Hilir, Kabupaten Malinau, Kalimantan Utara",desa wisata setulang destinasi wisata budaya wisata alam kecamatan malinau selatan hilir kabupaten malinau kalimantan utara,desa wisata tulang destinasi wisata budaya wisata alam camat malinau selatan hilir kabupaten malinau kalimantan utara,Desa Wisata Setulang,Kalimantan Utara
Sangat menarik,menarik,tarik,Desa Wisata Setulang,Kalimantan Utara
"Tempat wisata, dari anak sampai orangtua maupun dari luar negeri untuk berkunjung melihat air terjun di desa wisata setulang, pohon besar dihutan lindung Tane Olen dan banyak lagi keunikan di Desa Wisata Setulang",wisata anak orangtua negeri berkunjung air terjun desa wisata setulang pohon dihutan lindung tane olen keunikan desa wisata setulang,wisata anak orangtua negeri kunjung air terjun desa wisata tulang pohon hut lindung tane olen uni desa wisata tulang,Desa Wisata Setulang,Kalimantan Utara
Kunjungan setelah rakor Kepsek dan WakaKur SMK SeKaltara,kunjungan rakor kepsek wakakur smk sekaltara,kunjung rakor kepsek wakakur smk sekaltara,Desa Wisata Setulang,Kalimantan Utara
Alami dan baik untuk wisata permandian  keluarga,alami wisata permandian keluarga,alami wisata mandi keluarga,Desa Wisata Setulang,Kalimantan Utara
Tempat wisata paling asik dan seru. Mari kunjungilah tempat ini saat liburan. Tks.,wisata asik seru mari kunjungilah liburan tks,wisata asik seru mari kunjung libur tks,Desa Wisata Setulang,Kalimantan Utara
Desa wisata yg masih asri dgn hutan lindung yang masih terjaga dgn baik,desa wisata asri hutan lindung terjaga,desa wisata asri hutan lindung jaga,Desa Wisata Setulang,Kalimantan Utara
Merasa Bangga telah menyinggahi dan silaturahmi dengan kepala desa yang ramah... Tempat yg sangat penuh nilai budaya. Rekomendasi penuh bagi penikmat budaya untuk datang kesini... Semoga apa yg telah di upayakan selama ini menjadi desa wisata semakin dikenal se nusantara dan manca negara...,bangga menyinggahi silaturahmi kepala desa ramah penuh nilai budaya rekomendasi penuh penikmat budaya kesini semoga upayakan desa wisata dikenal nusantara manca negara,bangga singgah silaturahmi kepala desa ramah penuh nilai budaya rekomendasi penuh nikmat budaya kesini moga upaya desa wisata kenal nusantara manca negara,Desa Wisata Setulang,Kalimantan Utara
Love,love,love,Desa Wisata Setulang,Kalimantan Utara
Tempatnya bagus. Rumah kayu dengan ukiran khas Kalimantan. Kalo siang lumayan terik.😁,tempatnya bagus rumah kayu ukiran khas kalimantan kalo siang lumayan terik,tempat bagus rumah kayu ukir khas kalimantan kalo siang lumayan terik,Desa Wisata Setulang,Kalimantan Utara
"Desa Adat Dayak Kenyah Oma'lung yang masih melestarikan nilai-nilai Kebudayaannya. Tetaplah menjadi Desa Wisata setulang yang Aman,Nyaman & Damai.",desa adat dayak kenyah oma lung melestarikan nilai nilai kebudayaannya tetaplah desa wisata setulang aman nyaman damai,desa adat dayak kenyah oma lung lestari nilai nilai budaya tetap desa wisata tulang aman nyaman damai,Desa Wisata Setulang,Kalimantan Utara
"Rapi, bersih, rumahnya dihiasi ukiran2.",rapi bersih rumahnya dihiasi ukiran,rapi bersih rumah hias ukir,Desa Wisata Setulang,Kalimantan Utara
"Balai Adat Dayak Kennya di desa Setulang-Malinau, Kalimantan Utara",balai adat dayak kennya desa setulang malinau kalimantan utara,balai adat dayak ken desa tulang malinau kalimantan utara,Desa Wisata Setulang,Kalimantan Utara
Rekomen pokoke,rekomen pokoke,rekomen pokoke,Desa Wisata Setulang,Kalimantan Utara
Desa wisata setulang kampung halamanku.,desa wisata setulang kampung halamanku,desa wisata tulang kampung halaman,Desa Wisata Setulang,Kalimantan Utara
Tenang dan asri,tenang asri,tenang asri,Desa Wisata Setulang,Kalimantan Utara
Mantap n asik,mantap asik,mantap asik,Desa Wisata Setulang,Kalimantan Utara
"Penduduk sekitar ramah, budayanya luar biasa.",penduduk ramah budayanya,duduk ramah budaya,Desa Wisata Setulang,Kalimantan Utara
Nicee...,nicee,nicee,Desa Wisata Setulang,Kalimantan Utara
Super sekali.,super,super,Desa Wisata Setulang,Kalimantan Utara
Objek wisata bagus,objek wisata bagus,objek wisata bagus,Desa Wisata Setulang,Kalimantan Utara
"Mungkin kalau pas ada acara di malam hari lebih bagus, siang hari lebih penat sangat.",pas acara malam bagus siang penat,pas acara malam bagus siang penat,Desa Wisata Setulang,Kalimantan Utara
Balai adat dayak,balai adat dayak,balai adat dayak,Desa Wisata Setulang,Kalimantan Utara
Karena desa andalan saya,desa andalan,desa andal,Desa Wisata Setulang,Kalimantan Utara
Desa wisata Setulang memiliki daya tarik tersendiri dgn atraksi seni budayanya dan obyek wisata alamnya yg indah dan alami dg hutan desa yg virgin didalamnya masih dpt kita temukan pohon pohon besar sembari menyusuri anak sungai dg trekking menikmati sejuknya udara dan indahnya pemandangan alam.,desa wisata setulang memiliki daya tarik tersendiri atraksi seni budayanya obyek wisata alamnya indah alami hutan desa virgin didalamnya temukan pohon pohon sembari menyusuri anak sungai trekking menikmati sejuknya udara indahnya pemandangan alam,desa wisata tulang milik daya tarik sendiri atraksi seni budaya obyek wisata alam indah alami hutan desa virgin dalam temu pohon pohon sembari susur anak sungai trekking nikmat sejuk udara indah pandang alam,Desa Wisata Setulang,Kalimantan Utara
Mantap boy,mantap boy,mantap boy,Desa Wisata Setulang,Kalimantan Utara
Luar biasa Sangat Indah,indah,indah,Desa Wisata Setulang,Kalimantan Utara
Oke lah,oke,oke,Desa Wisata Setulang,Kalimantan Utara
"desanya bersih, nyaman...seru kalo lg ada acara2 adat",desanya bersih nyaman seru kalo acara adat,desa bersih nyaman seru kalo acara adat,Desa Wisata Setulang,Kalimantan Utara
Desa wisata yg super unik. Harus datang bagi yang suka wisata budaya dan alam,desa wisata super unik suka wisata budaya alam,desa wisata super unik suka wisata budaya alam,Desa Wisata Setulang,Kalimantan Utara
Best forestry,best forestry,best forestry,Desa Wisata Setulang,Kalimantan Utara
Sangat baik hati indah suasana Alam,hati indah suasana alam,hati indah suasana alam,Desa Wisata Setulang,Kalimantan Utara
Desa wisata setulang luar biada.bersih dan ramah.,desa wisata setulang biada bersih ramah,desa wisata tulang biada bersih ramah,Desa Wisata Setulang,Kalimantan Utara
Desa wisata adat dan wisata alam,desa wisata adat wisata alam,desa wisata adat wisata alam,Desa Wisata Setulang,Kalimantan Utara
Suasana yg asri warga nya yang Ramah....seni budaya yang bagus wajib untuk dikunjungi.,suasana asri warga ramah seni budaya bagus wajib dikunjungi,suasana asri warga ramah seni budaya bagus wajib kunjung,Desa Wisata Setulang,Kalimantan Utara
Nice trip,nice trip,nice trip,Desa Wisata Setulang,Kalimantan Utara
Sangat indah dan baguss,indah bagus,indah bagus,Desa Wisata Setulang,Kalimantan Utara
"Desa Wisata Yang mudahan semakin maju
.....",desa wisata mudahan maju,desa wisata mudah maju,Desa Wisata Setulang,Kalimantan Utara
tempat nyaman dan masih alami,nyaman alami,nyaman alami,Desa Wisata Setulang,Kalimantan Utara
mantap dan luar biasa,mantap,mantap,Desa Wisata Setulang,Kalimantan Utara
Desa wisata setulang surganya Borneo,desa wisata setulang surganya borneo,desa wisata tulang surga borneo,Desa Wisata Setulang,Kalimantan Utara
Budaya Dayak yg masih kental...,budaya dayak kental,budaya dayak kental,Desa Wisata Setulang,Kalimantan Utara
Menu lepu,menu lepu,menu lepu,Desa Wisata Setulang,Kalimantan Utara
Wisata yg tiada 2 nya di indonesia,wisata tiada indonesia,wisata tiada indonesia,Desa Wisata Setulang,Kalimantan Utara
Foto² Balai adat.,foto balai adat,foto balai adat,Desa Wisata Setulang,Kalimantan Utara
Desa wisata setulang,desa wisata setulang,desa wisata tulang,Desa Wisata Setulang,Kalimantan Utara
Karena ini tempat kelahiranku,kelahiranku,lahir,Desa Wisata Setulang,Kalimantan Utara
"Desa wisata yg menyajikan tempat indah.

Rumah adat yg berdiri megah bersanding indah dengan kehidupan masyarakat adat Dayak Lunda yeh yg sederhana namun memiliki kekhasan.

Fasilitas wilayah ini terdapat penginapan yang dapat dimanfaatkan untuk menginap, atau bisa juga menginap d rumah warga untuk lebih merasakan kehidupan masyarakat nya.",desa wisata menyajikan indah rumah adat berdiri megah bersanding indah kehidupan masyarakat adat dayak lunda yeh sederhana memiliki kekhasan fasilitas wilayah penginapan dimanfaatkan menginap menginap rumah warga merasakan kehidupan masyarakat,desa wisata saji indah rumah adat diri megah sanding indah hidup masyarakat adat dayak lunda yeh sederhana milik khas fasilitas wilayah inap manfaat inap inap rumah warga rasa hidup masyarakat,Desa Wisata Setulang,Kalimantan Utara
Desa wisata,desa wisata,desa wisata,Desa Wisata Setulang,Kalimantan Utara
Rute desa wisata pulau sapi - desa wisata setulang,rute desa wisata pulau sapi desa wisata setulang,rute desa wisata pulau sapi desa wisata tulang,Desa Wisata Setulang,Kalimantan Utara
😻😻mantapp 👍,mantap,mantap,Desa Wisata Setulang,Kalimantan Utara
"Mantap😆😇
#by Tripper24",mantap by tripper,mantap by tripper,Desa Wisata Setulang,Kalimantan Utara
