review,cleaned_review,nama desa wisata
"Kearifan lokal yang menyenangkan, keramahan penduduk nya yang luar biasa",arif lokal senang ramah duduk,Pentingsari
"Desa wisata terbaik.
Terbaik dalam keramahan, pelayanan, makanan, dan kegiatan.
Sangat cocok untuk tempat belajar siswa dengan sistem live in di rumah host fam.",baik baik ramah layan makan giat cocok ajar siswa sistem live rumah host fam,Pentingsari
"Tempatnya luas dan asri cukup bagus untuk kegiatan fun games, kamar mandi cukup banyak cuma gak semuanya air kerannya nyala kemarin pas cek yg sebelah barat. Semoga pengelolaannya lebih baik lagi 👍",tempat luas asri bagus giat fun games kamar mandi air keran nyala kemarin pas cek belah barat moga kelola,Pentingsari
"Rumah Simbahnya Zahra ada di desa inih, lingkungannya masih asri banyak pohon² besar.. O2 melimpah.. cocok banget kalo suka hiking atau sepedaan jenis MTB / Gravel",rumah simbah zahra lingkung asri pohon limpah cocok banget kalo suka hiking sepeda jenis mtb gravel,Pentingsari
seru banget kesini. wisata yang bener2 seru apalagi kalau live in. enjoy here,seru banget kesini seru live enjoy here,Pentingsari
"Di desa ini buat ngadain acara penanaman pohon dan bapaknya yang ngelola ramah sekali 🙏🏻😊

Cocok untuk wisata alam, yang mau camping apalagi. View-nya Kali Kuning, bisa main air juga karena tidak terlalu deras arusnya. Recommended!",ada acara tanam pohon bapak ngelola ramah cocok alam camping view kuning main air deras arus recommended,Pentingsari
"puas dengan pelayanan pemandu nya, desa nya rapi bersih, kaya akan SDM, dan pengelolaan nya kereeennnn🤩🤩🤩",puas layan pandu rapi bersih kayak sdm kelola keren,Pentingsari
"Lingkungan nya nyaman dan asri, kita bs belajar dlm budaya yg  jarang kita temukan ditempat lain",lingkung nyaman asri ajar budaya jarang temu tempat,Pentingsari
"Desanya asri,alami dan suasananya enak. Lingkungannya bersih,banyak home stay. Kesana cuma mampir jajan tidak menginap.",desa asri alami suasana lingkung bersih home stay kesana mampir jajan inap,Pentingsari
"Salah satu desa wisata yang ada di Yogyakarta, lokasinga sangat dekat dengan Ledhok Sambi yang sangat terkenal. Menginap 2 malam di homestay seruni, dilayani dam dijamu dengan hangat oleh Pak Bambang dan Mbah. Serasa pulang ke rumah nenek sendiri. Sehat selalu Mbah.",salah yogyakarta lokasinga ledhok sambi kenal inap malam homestay seruni layan dam jamu hangat bambang mbah serasa pulang rumah nenek sehat mbah,Pentingsari
"Tadinya mau ke lodok sambi tapi sudah kesorean dan hampir tutup, lalu disarankan sama bpk tukang parkirnya kesini, tempatnya lumayan bagus, namun memang lebih cocok buat camping atau outbound,",lodok sambi sore tutup saran bpk tukang parkir kesini tempat lumayan bagus cocok camping outbound,Pentingsari
"Tempat sangat alami, nyaman, udara sejuk, kamar mandi bersih",alami nyaman udara sejuk kamar mandi bersih,Pentingsari
"Daerah pentingsari seperti 2 pulau yg terpisah yg dihubungkan dng jembatan , terlihat indah masih asri dan nyaman, masyarakatnya ramah2 sopan,dan tidak ada sampah plastik sedikitpun di pulau kecil ini, perpaduan bukit dan lembah dan penghijauan yg membentang seperti paru2 dunia,tempat kemah , bisa naik hrap , bisa BELAJAR pertanian di peting , desa wisata kali kuning",daerah pentingsari pulau pisah hubung jembatan indah asri nyaman masyarakat ramah sopan sampah plastik sedikit pulau padu bukit lembah hijau bentang paru dunia kemah hrap ajar tani peting kuning,Pentingsari
"tempat saya melakukan malam keakraban untuk TITRASI 2025, sangat menakjubkan sih.",malam akrab titrasi takjub,Pentingsari
"Tempat yg cocok untuk makrab dan sebagainya, buat outbound juga asikk",cocok makrab outbound asikk,Pentingsari
"Seru banget fieldtrip di Desa Wisata Penting Sari!! saya dan teman teman saya menangkap lele di sawah, bermain bola lumpur dan mandi di sungai benar” mencerminkan kehidupan desa yang asri, menginap di homestay Pak Joko dan Bu Ambar yang sangat ramah.. Selama di Homestay Pak Joko kami makan makanan yang di masak Bu Ambar.. Sangat Enak dan bener” serasa lagi di rumah.. Selain itu Homestaynya juga bersih dan Rapih sangat nyaman untuk di tempati❤️ Saya bisa melihat kekompakan masyarakat lokal🥰🥰 Love Bu Ambar & Pak Joko semoga sehat selalu❤️",seru banget fieldtrip sari teman teman tangkap lele sawah main bola lumpur mandi sungai cermin hidup asri inap homestay joko bu ambar ramah homestay joko makan makan masak bu ambar serasa rumah homestaynya bersih rapi nyaman tempat kompak masyarakat lokal love bu ambar joko moga sehat,Pentingsari
"Worth to visit !! Please come to Desa Wisata Pentingsari, you will never regret. This for sure :)",worth visit please come pentingsari you will never regret this for sure,Pentingsari
"desa wisata nya bagus keren, tetapi masih kurang kayak jalan untuk ke lokasi pendopo bus gabisa masuk harus jalan kaki karena lokasinya agak ke bawah, terus kalau malem arah keluar desa agak kurang penerangan... parkir nya juga terbatas di lokasi.. trs penunjuk jalan mohon ditambah... mungkin perlu ditingkatkan fasilitas bisa minta dana ke dinas pariwisata ya mungkin...",bagus keren kayak jalan pendopo bus jalan kaki lokasi malam arah terang parkir batas tunjuk jalan tambah tingkat fasilitas dana dinas pariwisata,Pentingsari
"Suasana perkampungan yg asri. Banyak pohon, bersih, dan makanan di warung simbok ok.",suasana kampung asri pohon bersih makan warung simbok ok,Pentingsari
"Desa wisata yang terkenal, biasa digunakan Untuk acara pembelejaran siswa atau pu. Acata gethering perusahaan, akses masuk dan laham parkir untuk rombongan bus cukup memadai",kenal acara pembelejaran siswa acata gethering usaha akses laham parkir rombong bus pada,Pentingsari
"Bagus banget parkir  luas, home stay banyak, pendopo  pertemuan juga banyak, kolam ikan banyak. Cocok untuk  perkemahan, outbond, gathering, reuni dll menu makanan  murah",bagus banget parkir luas home stay pendopo temu kolam ikan cocok kemah outbond gathering reuni dll menu makan murah,Pentingsari
Lokasi recommended untuk outbond dan kemah,recommended outbond kemah,Pentingsari
"Bagus banget , di sana saya belajar cara membuat wayang dari rumput, membuat janur , membuat batik , dan belajar memainkan gamelan. Di sana juga asri banget tempat nya adem , sejuk , dingin pokoknya.orang orangnya juga ramah banget , saya suka .",bagus banget ajar wayang rumput janur batik ajar main gamelan asri banget adem sejuk dingin pokok orang ramah banget suka,Pentingsari
"Desa Wisata Pentingsari terletak di lereng Gunung Merapi, di daerah Sleman, Yogyakarta. Desa ini dikenal karena keindahan alamnya yang memukau, suasana pedesaan yang masih alami, serta keunikan budaya yang ditawarkan. Di Pentingsari, pengunjung bisa menikmati berbagai aktivitas wisata seperti trekking, menikmati pemandangan alam, berinteraksi dengan penduduk lokal, serta belajar tentang pertanian organik dan kerajinan tangan tradisional.

Desa ini juga terkenal dengan konsep ""wisata edukasi,"" di mana wisatawan dapat ikut serta dalam kegiatan sehari-hari masyarakat, seperti membuat makanan tradisional atau mengikuti workshop kerajinan..",pentingsari letak lereng gunung rapi daerah sleman yogyakarta kenal indah alam pukau suasana desa alami uni budaya tawar pentingsari unjung nikmat aktivitas trekking nikmat pandang alam interaksi duduk lokal ajar tani organik rajin tangan tradisional kenal konsep edukasi wisatawan giat hari masyarakat makan tradisional ikut workshop rajin,Pentingsari
"sangat menyenangkan, untuk bapak dan ibunya juga asik2, tapi kurang tempat untuk bermain jadi hanya berkumpul di beberapa tempat",senang ibu asik main kumpul,Pentingsari
"tempat nya bagus,pemandangan nya udah banyak pohon"" masih asri deh Kka"" ny juga ramah"",baik penduduknya  Friendly,tempat wisata nya banyak,pokoknya the beast deh ヾ(＾-＾)ノ",bagus pandang pohon asri kakak ramah duduk friendly pokok the beast,Pentingsari
Bisa diriin tenda di aliran sungai.tp pas malam byk bgt serangga yg bikin mata bengul...,diriin tenda alir sungai pas malam banget serangga bikin bengul,Pentingsari
"Suasana pedesaannya sangat kental. Bagus untuk study tour anak2. Banyak yang bisa dipelajari disini mulai dari menamam padi, membuat wedang jahe dan sejenisnya serta berlatih gamelan.",suasana desa kental bagus study tour anak ajar tamam padi wedang jahe jenis latih gamelan,Pentingsari
Tempat mantap untuk rekreasi dan outbond.,mantap rekreasi outbond,Pentingsari
"Ikut Jogja International Heritage Walk 2024, trus ke sini. Desanya asri, trus banyak produk kearifan lokalnya, seruu.",jogja international heritage walk desa asri produk arif lokal seru,Pentingsari
"Desa Wisata Pentingsari, PENTING BANGET..
Ada alat pengelolaan sampah botol plastik yg baru saya temui di dewis ini, serta alat tersebut dukungan dari suatu bank dalam aksinya mendukung program pengelolaan sampah.

Kopi madu merapi recommended, apalagi di buat kopi susu tarik.

Edukasi gamelan cukup interaktif, dengan bapak pelatih ramah"".

Bakal kangen untuk balik berkunjung maupun berwisata ke desa wisata ini, karena masih banyak spot dan atraksi wisata lain yang belum dikulik dan dicoba😍✨",pentingsari banget alat kelola sampah botol plastik temu dewis alat dukung bank aksi dukung program kelola sampah kopi madu rapi recommended kopi susu tarik edukasi gamelan interaktif latih ramah kangen kunjung wisata spot atraksi lik coba,Pentingsari
"Terimakasih untuk desa Dewi pentingsari atas sambutan yang diberikan, tentunya sangat pusa happy lingkungan yang masih asri dan terimakasih bakti BCA atas undangannya.  Hari ini happy bersama teman teman lainnya, bertemu dengan teman baru have fun bareng bakti BCA. Untuk tahun depan semoga diundang lagi diajak lagi terimakasih Bakti BCA...",terimakasih dewi pentingsari sambut pusa happy lingkung asri terimakasih bakti baca undang happy teman teman temu teman have fun bareng bakti baca tahun moga undang ajak terimakasih bakti baca,Pentingsari
"Salah satu desa wisata terbaik yang pernah dikunjungi, selain suasana pedesaannya yang sejuk, penduduknya juga ramah ramah dan banyak sentra sentra kerajinan yang bisa dikunjungi",salah baik kunjung suasana desa sejuk duduk ramah ramah sentra sentra rajin kunjung,Pentingsari
"Berkunjung ke desa wisata ini ketika ada event Jogja International Heritage Walk.
Suasana pedesaan, asri, masih banyak dijumpai sawah dan pepohonan.",kunjung event jogja international heritage walk suasana desa asri jumpa sawah pohon,Pentingsari
Bagus tempat wisata sama homestay ya yaman yg bapak dan ibu ya baik banget welcome.keren buat referens badan,bagus homestay yaman banget welcome keren referens badan,Pentingsari
"Pertama kali datang ke Desa Wisata Pentingsari, Sleman untuk mengikuti JIHW. Daerahnya bersih, asri, serta penduduknya ramah. Rute untuk berjalannya lumayan menantang karena kondisi jalan yang naik-turun.",pentingsari sleman ikut jihw daerah bersih asri duduk ramah rute jalan lumayan tantang kondisi jalan turun,Pentingsari
"Sangat Asri, Cocok untuk rombongan yang mengadakan acara disini",asri cocok rombong ada acara,Pentingsari
Di situ tempat saya live in Dari Sekolah Dian Harapan Jambi dan Bangka tempat nya adem tapi kalau malam sangat dingin,situ live sekolah dian harap jambi bangka adem malam dingin,Pentingsari
Tempatnya bagus dan orangnya ramah2 semuaa,tempat bagus orang ramah semuaa,Pentingsari
mantap banget seruu,mantap banget seru,Pentingsari
Sangat menyenangkan dan seru . Pembelajaran dan ilmu yang di dapat tidak hanya belajar tetapi berlibur dengna cara yang sangat menyenangkan,senang seru ajar ilmu ajar libur dengna senang,Pentingsari
Seru dan banyak hal menarik yang bisa dipelajari dan pengalaman live experience! Bukan hanya kata-kata atau teori saja tapi bisa sambil mengalami. Semuanya ramah welcoming dan baik ❤️,seru tarik ajar alam live experience teori alami ramah welcoming,Pentingsari
baguss seruu bgt homestaynya nyaman bersih orangnya ramahh makanannya enakkkkk suasananya juga enak bgt videonya juga kerenn,bagus seru banget homestaynya nyaman bersih orang ramahh makan suasana banget video keren,Pentingsari
"bagus bgt, orangnya ramah, bisa tau budaya budaya, viewnya cakep, recomended bgt deeehhhh 🫰🫰",bagus banget orang ramah tau budaya budaya viewnya cakep recomended banget deeehhhh,Pentingsari
"Sangat nyaman disini, aman dan tentram. Rekomen banget sih yg mau cari desa wisata di jogja. ""Berkunjunglah kembali sebagai saudara, bukan sebagai tamu"" 🥹🥹",nyaman aman tentram rekomen banget cari jogja kunjung saudara tamu,Pentingsari
mantap untuk pengalamannya seru seruu semuaaa,mantap alam seru seru,Pentingsari
Seharian berkunjung ke desa ini dan sangat menarik menyaksikan kesederhanaan masyarakat desa dalam kesehariannya dan takjub dengan kepemimpinan para penggerak desa wisata ini yg sanggup berkembang dengan baik..,hari kunjung tarik saksi sederhana masyarakat hari takjub pimpin gerak sanggup kembang,Pentingsari
"Mari dukung desa wisata pentingsari.
Cocok utk lebih dari 5 org krn buat main gamelannya asyik",mari dukung pentingsari cocok main gamelan asyik,Pentingsari
"desa dengan daya tariknya tersendiri, memiliki berbagai objek wisata yang tifak biasa, masyarakat yang sangat ramah menjadi poin utama sehingga bisa menikmati dan merasakan hidup di desa dengan value dan kearifan lokalnya",daya tarik sendiri milik objek tifak masyarakat ramah poin utama nikmat rasa hidup value arif lokal,Pentingsari
"Banyak homestay, sejuk dan ramah2. Pelayanan prima dan keren",homestay sejuk ramah layan prima keren,Pentingsari
Tempatnya memamg dibuat untuk camp dan kegiatan outbond..namun jalan menuju ke sana seperti labirin,tempat memamg camp giat outbond jalan labirin,Pentingsari
"Ini desa wisata
Salah satu desa yg berkembang dan desanya di well maintained dan bersih
Untuk kegiatan student trip 3 hari 2 malam wuoke banget ..letaknya 45-1 jam dari jogya",salah kembang desa well maintained bersih giat student trip malam wuoke banget letak jam jogya,Pentingsari
"Tempat untuk acara kumpul2,suasana asri,sejuk,tempat mengenalkan anak2 tentang alam.",acara kumpul suasana asri sejuk kenal anak alam,Pentingsari
Mau nyewa buat 15 org..Padahal warga cangkringan juga..tapi harus minimal 40 org buat sewa tempat nya,nyewa warga cangkring minimal sewa,Pentingsari
Bagus sekali untuk program studi pendidikan dan kemandirian anak....,bagus program studi didik mandiri anak,Pentingsari
tempat nya bersih rapi kamar mandi memadai buat masyarakat yang menggunakan buat camping,bersih rapi kamar mandi pada masyarakat camping,Pentingsari
"Desa wisata di kaki merapi, asri banget dan rapi",kaki rapi asri banget rapi,Pentingsari
"Desa wisata yang luar biasa pelayanannya, Desa yang Memajukan Ekonomi Rakyatnya, Rekomendasi Untuk Pelajar😊",layan maju ekonomi rakyat rekomendasi ajar,Pentingsari
Akses jalan kurang memadai,akses jalan pada,Pentingsari
"Senang berkunjung ke Desa Penting Sari dalam rangka study tiru  Forum Badan Permusyawaratan Nagari(BPN) Kabupaten Solok
Banyak Pengalaman yang kami dapat  tentang Desa Wisata Penting Sari terbaik di Indonesia",senang kunjung sari rangka study tiru forum badan musyawarat nagari bpn kabupaten solok alam sari baik indonesia,Pentingsari
"Tempatnya pas u kemah anak2, tp jalan ke lokasi masih kecil jadi kalau mobil berpapasan agak sulit berjalan",tempat pas kemah anak jalan mobil papas sulit jalan,Pentingsari
"Lokasi nyaman untuk kegiatan outbond,camping.fasilitas mck banyak,sumber air melimpah.",nyaman giat outbond camping fasilitas mck sumber air limpah,Pentingsari
Tempat ini lumayan bagus untuk dikunjungi sebagai tempat outbond atau kegiatan rombongan lainnya. Tempatnya sejuk dan punya banyak potensi yang bisa dikembangkan terus sebagai sebuah desa wisata. Bisa ditambahkan beberapa atraksi yang dapat menambah minat wisatawan baik lokal maupun wisatawan asing.,lumayan bagus kunjung outbond giat rombong tempat sejuk potensi kembang atraksi tambah minat wisatawan lokal wisatawan asing,Pentingsari
Di desa nya enak banget dingin sejuk pokoknya jadi pengen kesana lagi,banget dingin sejuk pokok pengin kesana,Pentingsari
"Desanya masih asri dan banyak homestay disediakan disini, sayang warung jajanannya sedikit,",desa asri homestay sedia sayang warung jajan,Pentingsari
Pemilik homestay nya baik orang nya ramah ramah,milik homestay ramah ramah,Pentingsari
Pas kemah di situ Susana nya enakkk. Pas pulang kangen pengen kemah di situ lagi.,pas kemah situ susana enakkk pas pulang kangen pengin kemah situ,Pentingsari
"Tempat yg bagus, sejuk penduduknya humble...cocok dah buat homestay",bagus sejuk duduk humble cocok homestay,Pentingsari
Tempatnya enak untuk berkegiatan dan penduduknya ramah,tempat giat duduk ramah,Pentingsari
"tempat nyaa seruuu bangettt yang pasti banyak banget kenangan di sanaa, jadi gamon sama Jogja dehh 😁",seru banget banget kenang sanaa gamon jogja,Pentingsari
"Tempatnya sangat terorganisir menurut saya. Aman, nyaman, asri, cocok untuk makrab bersama teman-teman",tempat organisir aman nyaman asri cocok makrab teman teman,Pentingsari
"tempatnya enak, adem, gak terlalu ramai juga",tempat adem ramai,Pentingsari
"Dua malam dua hari berada di desa wisata Pentingsari merupakan momen-momen yang akan terus saya rindukan. Keramah tambahan warganya, obrolan malam di beranda teras rumah ditemani alunan melodi binatang malam yang semakin menambah kesyahduan malam di desa pentingsari

Dan kegiatan dan destinasi wisata yang tidak pernah habis untuk memikat siapapun yang pergi untuk datang berkunjung kemari

Berkunjung kemari seperti membuat kami berada dekat dengan rumah yang bentangan kilometer nun jauh disana

Semoga kelak bisa kembali hadir kembali di tengah-tengah keramahan dan keharmonisan masyarakat Pentingsari",malam pentingsari momen momen rindu ramah tambah warga obrol malam beranda teras rumah tani alun melodi binatang malam tambah syahdu malam pentingsari giat destinasi habis mikat kunjung kemari kunjung kemari rumah bentang kilometer nun sana moga kelak hadir tengah tengah ramah harmonis masyarakat pentingsari,Pentingsari
Dusun yang asri sejuk dan juga berbudaya,dusun asri sejuk budaya,Pentingsari
"Pertama kali kesini, tempat yang bagus, desa wisata yg menyenangkan, menyegarkan dan asri. Ada warung untuk makannya, ada mushala, ada tempat camping, ada lapangan dan beberapa aktivitas lainnya.",kesini bagus senang segar asri warung makan mushala camping lapang aktivitas,Pentingsari
"Salah satu Desa wisata di Sleman, Jogja",salah sleman jogja,Pentingsari
"MasyaAllah tiba tiba keinget jaman SMA 8 yogyakarta, 2009-2012 pernah 2x homestay disini, bahkan acara foto yearbook aku ambil tema disini 🥰 kapan2 kalo ada sempat ke Jogja ajak suami dan anak main kesini insyaAllah..
Pertama aku dapat tempat di rumah (udah lupa) nama bapak ibu yg punya rumahnya, yg deket kopi madukoro, misal kesana pas musim manggis pasti pulange dibawain manggis se kresek. Yg kedua nggak ada yang diingat sama sekali aku kebagian tempat di rumah bapak ibu yang mana, atau sama ya waktu ituu aah lupaaa..
Yang jelas memorinya dapet banget, suasananya, setiap mau main ke tempate temen lewatin kebon kanan kiri yang gelap kalo udah sore, ngajarin anak2 SD (kaya KKN gitu), outbound, belajar tentang komoditas lokal dari penanaman , panen, sampe pengolahan, setiap malam kumpul di joglo yang jauh dari rumah inap aku, kalo mau pergi kudu tunggu2an sama temen2 yang lain, belajar masak di pawon pake kayu (ya ini mah sering liat di rumah nenek), nggak kerasa udah hampir 15 tahun yang lalu ya aku ke Dewi Peri ini. Sukses selalu ya.. Semoga makin banyak dikenal, makin ramai pengunjungnya..",masyaallah jaman yogyakarta homestay acara foto yearbook ambil tema kalo jogja ajak suami anak main kesini insyaallah rumah lupa nama rumah kopi madukoro kesana pas musim manggis pulange dibawain manggis kresek bagi rumah waktu aah lupaaa memori banget suasana main tempate teman lewatin kebon kanan kiri gelap kalo sore ajar anak sd kayak kkn outbound ajar komoditas lokal tanam panen olah malam kumpul joglo rumah inap kalo kudu tunggu an teman ajar masak pawon pakai kayu rumah nenek rasa tahun dewi peri sukses moga kenal ramai unjung,Pentingsari
Desanya silent tp penuh dinamika di dalamnya..ada progres yg pelan  tapi pesat yg didapat..,desa silent penuh dinamika dalam progres pelan pesat,Pentingsari
"Tempatnya nyaman, banyak ilmu yang didapat",tempat nyaman ilmu,Pentingsari
"Banyak ilmu yang dapat diperoleh dari sini desa wisata penting sari
Mantab",ilmu oleh sari mantab,Pentingsari
Sangat menyenangman berada di Desa ini. Warga2nya sangat ramah dan tempatnya asri serta banyak kegiatan yang bisa dilakukan.,menyenangman warga ramah tempat asri giat,Pentingsari
Tempat yg menarik. Suasana desa yang tenang dan teduh. Homestay-nya murah 100rb-an. Buat yg ingin merasakan bermalam di desa boleh dicoba.,tarik suasana tenang teduh homestay murah ribu an rasa malam coba,Pentingsari
"Desa wisata yg lengkap untuk dijelajahi.. Camping groundnya yg harus antri sudah cukup jd bukti banyaknya peminat yg kemari. Semoga pengelola bisa menambah, menjaga & memperbaiki prasarana yg kurang memadai..",lengkap jajah camping groundnya antri bukti banyak minat kemari moga kelola tambah jaga baik prasarana pada,Pentingsari
Suasana pedesaan nan natural dan alami dengan udara segar yang sangat tepat dalam membawa nuansa kegiatan di alam dalam bentuk Live In bagi para siswa sekolah khususnya SMP agar wawasan dan pengalaman mereka terhadap lingkungan menjadi lebih luas serta membentuk karakter yang tangguh dan peduli.,suasana desa nan natural alami udara segar bawa nuansa giat alam bentuk live siswa sekolah wawas alam lingkung luas bentuk karakter tangguh peduli,Pentingsari
"Tempatnya sejuk banyak pohon, warga nya ramah, akses masuk mudah, jalan bagus",tempat sejuk pohon warga ramah akses mudah jalan bagus,Pentingsari
"kemarin studytour kesana tempatnya bisa dijadikan tempat berlibur, sangat asri tempatnya, sejuk, orang disana ramah ramah, pemilik homestay sangat ramah sekali, banyak sekali tempat yang bisa dikunjungi di dalamnya, semogaa bisa kesana lagi, thank u pengalamannya desa pentingsari",kemarin studytour kesana tempat jadi libur asri tempat sejuk sana ramah ramah milik homestay ramah kunjung dalam moga kesana thank alam pentingsari,Pentingsari
"Tempat ibadah kurang,ga ada fasilitas seperti tikar",ibadah fasilitas tikar,Pentingsari
"Sangat bagus
Induk Semangnya sangat baik dan ramah, udaranya sejuk dan banyak pengalaman yang saya dapatkan di sini. Semoga kapan-kapan saya bisa ke sini lagi👍",bagus induk semang ramah udara sejuk alam dapat moga,Pentingsari
"Cocok untuk study tour atau kunjungan yang berkelompok,pemandanganya juga gokill",cocok study tour kunjung kelompok pemandanganya gila,Pentingsari
"Berasa malas pulang deh klo udh sampai di sini... Ramah, makanannya enak, homestay nya nyaman, bersih",asa malas pulang kalo ramah makan homestay nyaman bersih,Pentingsari
"Desa wisata dengan view pepohonan hijau,",view pohon hijau,Pentingsari
"Desa wisata ini sering digunakan buat wisata edukasi dan outbond
Wisatawan kebanyakan dari anak sekolah maupun kampus dan disana bisa belajar membuat eko enzym, anyaman tikar, bermain gamelan, mengolah kopi dll
Ada beberapa homestay juga buat menginap disana 👍",edukasi outbond wisatawan banyak anak sekolah kampus sana ajar eko enzym anyam tikar main gamelan olah kopi dll homestay inap sana,Pentingsari
"Desa wisata yg menawarkan keindahan alam serta pengalaman membatik,memainkan gamelan,susur sungai, warga ramah sekali.",tawar indah alam alam batik main gamelan susur sungai warga ramah,Pentingsari
"Desa yg asri, penduduk yg ramah, suasana yg sejuk, memberikan ketenangan dan kenyamanan 🥰",asri duduk ramah suasana sejuk tenang nyaman,Pentingsari
inspiratif sekali... mantap!   banyak memberi ilham bagi daerah2 lain utk bangkit dari 'kegelapan'.   semangat utk maju dgn kegotongroyongan dalam mengexplore potensi dan kearifan lokal.,inspiratif mantap ilham daerah bangkit gelap semangat maju kegotongroyongan mengexplore potensi arif lokal,Pentingsari
"Tempat wisata tema sawah dan desa

Saya bilang disini orang2nya sangat ramah dan baik... mereka benar2 tau bagaimana memfasilitasi tamu dengan baik.

Selain menanam padi ada juga wisata flying fox, camp, dan arung jeram

Maksimal banget klo kesini bersama keluarga dan teman2",tema sawah bilang ramah tau fasilitas tamu tanam padi flying fox camp arung jeram maksimal banget kalo kesini keluarga teman,Pentingsari
Desa wisata alam pedesaan sederhana dengan masyarakat yang hebat,alam desa sederhana masyarakat hebat,Pentingsari
"Desa ini tenang banget. Banyak homestaynya. Cocok untuk kegiatan mahasiswa dan remaja belajar budaya masyarakat setempat dan camping bareng.Harus tinggal disana untuk merasakan desa ini. Tanpa ada kunjungan/acara desa ini sepi tidak ada aktivitas,",tenang banget homestaynya cocok giat mahasiswa remaja ajar budaya masyarakat camping bareng tinggal sana rasa kunjung acara sepi aktivitas,Pentingsari
kegiatan homestay yg seru ada membatik..nari.. bikin kopi..dan mendesa pokoknyaaa...,giat homestay seru batik tari bikin kopi desa pokoknyaaa,Pentingsari
"twmpatnya super duperr cozy bgtt, ada kolam ikannya yg cantikk",twmpatnya super duperr cozy banget kolam ikan cantik,Pentingsari
Tempat yg nyaman sejuk dn menyegarkan.,nyaman sejuk segar,Pentingsari
"Tempat wisata yang sangat menarik untuk dikunjungi. Tempat wisata ini dikelola oleh kelompok pemuda.

Tersedianya beragam anemitas di desa wisata pentingsari akan membuat anda semakin banyak menghabiskan waktu pada kawasan ini.

Beberapa atraksi wisata yang biasa disajikan adalah gamelan jawa, pengolahan kopi tradisional dan kesenian rakyat lainnya.

Tersedinya lapangan yang luas, memungkinkan anda untuk melakukan kegiatan camping, fun games dan kegiatan untuk grup besar lainnya.

Sajian khas kuliner pedesaan akan memanjakan selera anda. Semoga anda bisa meluangkan waktu untuk mengunjungi desa wisata pentingsari.",tarik kunjung kelola kelompok pemuda sedia agam anemitas pentingsari habis waktu kawasan atraksi saji gamelan jawa olah kopi tradisional seni rakyat tersedinya lapang luas giat camping fun games giat grup saji khas kuliner desa manja selera moga luang waktu unjung pentingsari,Pentingsari
"Bisa dijadikan salah satu opsi untuk camping/makrab dll. Ada mushola, pendopo, ruang kesehatan, dan toilet. Untuk reservasi bisa dichat kontak atau langaung datang ke sana. Belum sempat pakai karena kemarin naru survei.",jadi salah opsi camping makrab dll mushola pendopo ruang sehat toilet reservasi dichat kontak langaung pakai kemarin naru survei,Pentingsari
"Sejuk tempatnya , enak untuk camping ground acara komunitas dan lainnya, makanan enak 👍🏻",sejuk tempat camping ground acara komunitas makan,Pentingsari
"Desa wisata yang asri, hijau, dan penduduk yang ramah... Cocok sekali untuk jalan-jalan di akhir pekan, khususnya bagi yang merindukan suasana pedesaan yang asri.",asri hijau duduk ramah cocok jalan jalan pekan rindu suasana desa asri,Pentingsari
Tempat dan suasana yang nyaman.. Homestay nya cozy lingkungan sekitar juga asik..,suasana nyaman homestay cozy lingkung asik,Pentingsari
"Wisata desa yg begitu mengasyikan,,keramahan warga nya,kebersihannya,dan kearifan lokal nya tetap terjaga",asyik ramah warga bersih arif lokal jaga,Pentingsari
"Desa wisata yg keren , pengelola ramah dan komunikatif",keren kelola ramah komunikatif,Pentingsari
"Camping di pekarangan... Lokasinya masuk jalan kecil di desa, fasilitas cukup oke, kamar mandi bersih walau WCnya jongkok. Ada cafe yang sedia minuman rempah yang enaak dan murah meriah. Masakan catering nya masakan rumahan yang rasanya enak pas di lidah.
Bagus untuk acara2 komunitas dan grup besar.",camping pekarang lokasi jalan fasilitas oke kamar mandi bersih wcnya jongkok cafe sedia minum rempah enaak murah riah masakan catering masakan rumah pas lidah bagus acara komunitas grup,Pentingsari
"tempatnya asikk parahh.. udara juga masih seger, warga sekitar juga ramah ramah.. suka banget pokonya..",tempat asikk parah udara segar warga ramah ramah suka banget pokok,Pentingsari
"Desa wisata ini salah satu desa wisata yang sudah maju, terbukti dari beberapa desa dari tempat lain terkadang melakukan kunjungan belajar ke desa ini, selain suasananya yang khas pedesaan, disini juga tersedia berbagai macam menu makanan yang enak enak, ada juga yang menjajakan minuman tradisional daerah tersebut. Harganya pun cukup terjangkau. Recommended lah kalau semisal ada yang ingin membuat event di desa ini. Terimakasih 😊",salah maju bukti terkadang kunjung ajar suasana khas desa sedia menu makan jaja minum tradisional daerah harga jangkau recommended event terimakasih,Pentingsari
"bagus bt ajk ank2 camping, agar bisa mandiri..",bagus ajk anak camping mandiri,Pentingsari
"yang mau Camp bisa nginep di homestay bisa udaranya dingin, soal makan ada sekitaran situ, bersih, Warganya Welcome banget",camp nginep homestay udara dingin makan sekitar situ bersih warga welcome banget,Pentingsari
"Tempat menggelar acara seni,kemping dll, akses jalan yang berliku liku sehingga perlu penunjuk arah serta lokasi parkir yang cukup terbatas adalah salah satu kendala nya",gelar acara seni kemping dll akses jalan liku liku tunjuk arah parkir batas salah kendala,Pentingsari
"penduduk nya ramah2, pedesaan banget adem sejuk, produksi kopinya enak banget dan murah.... recommend bgt buat healing😘😘😘",duduk ramah desa banget adem sejuk produksi kopi banget murah recommend banget healing,Pentingsari
"dewi peri atau desa wisata petingsari, dilrngkapi dengan warung makan khas desa. Warunge simbok, kapasitas bisa menampung 700 peserta acara camping",dewi peri petingsari dilrngkapi warung makan khas warunge simbok kapasitas tampung serta acara camping,Pentingsari
"tempat yang pas buat melepas lelah dari hiruk pikuknya aktifitas kota,coba dech stay 1 or 2 malam di home stay yang disediakan oleh warga. suasananya benar-benar tenang dan sepi",pas lepas lelah hiruk pikuknya aktifitas kota coba stay malam home stay sedia warga suasana tenang sepi,Pentingsari
"Salah satu desa wisata favorit di jogja. berada di daerah merapi. di tempat ini yang pernah kurasakan bersama tempatku mengajar adalah mengikuti kegiatan live in, kemah, fieldtrip dll.

ada lapangan ada gazebo ada permainan cocok untuk kegiatan outing dan outbound",salah favorit jogja daerah rapi rasa tempat ajar ikut giat live kemah fieldtrip dll lapang gazebo main cocok giat outing outbound,Pentingsari
Jalan kaki pagi di desa pentingsari sangat nyaman ....jgn lupa sarapan di omahe simbok....,jalan kaki pagi pentingsari nyaman lupa sarap omahe simbok,Pentingsari
Tempat yg nyaman utk keluarga menikmati suasana desa,nyaman keluarga nikmat suasana,Pentingsari
"Mantap, harus mampir kalau baru di Jogja.",mantap mampir jogja,Pentingsari
