review,review_text,rating,author,date,nama desa wisata
luar biasa tempat yang sangat damai dan asri,"Luar Biasa, tempat yang sangat damai dan asri.",5,Boas Sababang,2026-03-16T21:05:14.411Z,Pulesari
desa wisata pulesari bener bener tempat yang asik buat refreshing bareng keluarga atau kantor area outbound nya luas banget terutama kegiatan susur sungai yang jadi favorit karena seru dan aman buat anak anak udaranya masih sejuk dan asri karena banyak pohon salak di sekelilingnya fasilitas pendukung seperti toilet musala dan tempat makan juga sudah sangat memadai dan bersih cocok banget buat yang cari suasana pedesaan yang tenang tapi tetap seru,"Desa Wisata Pulesari bener-bener tempat yang asik buat refreshing bareng keluarga atau kantor. Area outbound-nya luas banget, terutama kegiatan susur sungai yang jadi favorit karena seru dan aman buat anak-anak. Udaranya masih sejuk dan asri karena banyak pohon salak di sekelilingnya. Fasilitas pendukung seperti toilet, musala, dan tempat makan juga sudah sangat memadai dan bersih. Cocok banget buat yang cari suasana pedesaan yang tenang tapi tetap seru!",5,Indra Pangestu,2026-02-19T07:11:29.269Z,Pulesari
tempatnya sejuk untuk kegiatan keakraban sayangnya hampir seharian dari sore sampe besok siangnya waktu pulang listriknya mati karena cuaca kurang bagus dan sepertinya kabel terkena runtuhan pohon,"tempatnya sejuk untuk kegiatan keakraban, sayangnya hampir seharian dari sore sampe besok siangnya waktu pulang listriknya mati karena cuaca kurang bagus dan sepertinya kabel terkena runtuhan pohon.",4,Hersa Melindha,2026-02-01T15:10:20.181Z,Pulesari
tempatnya asik banget asri hawanya sejuk tempat outbond asik di kali yang airnya seger dan bersih banget tapi sayangnya ternyata ada tambahan biaya tempat untuk di luar paket outbond yang ga diinfo sebelumnya,"Tempatnya asik banget, asri, hawanya sejuk, tempat outbond asik di kali yang airnya seger dan bersih banget. Tapi sayangnya ternyata ada tambahan biaya tempat untuk di luar paket outbond yang ga diinfo sebelumnya.",4,Elisabet Setiyana,2026-01-15T14:09:12.782Z,Pulesari
tempat outbond yg lengkap dan terbagi dalam banyak pos yg memungkinkan banyak pengguna memanfaatkan lokasi ini secara bersamaan dalam satu waktu pilihan paketnya juga beragam menyesuaikan budget dan kebutuhan sip,Tempat outbond yg lengkap dan terbagi dalam banyak pos yg memungkinkan banyak pengguna memanfaatkan lokasi ini secara bersamaan dalam satu waktu. Pilihan paketnya juga beragam menyesuaikan budget dan kebutuhan. Sip.,5,Slamet Riyanto,2026-01-14T01:44:03.259Z,Pulesari
desa wisata pulesari asri edukatif ramah keluarga desa wisata pulesari adalah destinasi yang cocok banget kalau kamu ingin merasakan suasana pedesaan khas jogja di lereng gunung merapi tempatnya asri udara sejuk dan pemandangan sawah serta kebun salak yang terbentang membuat pengalaman liburan jadi nyaman dan bersahabat,"🌿 Desa Wisata Pulesari – Asri, Edukatif & Ramah Keluarga
Desa Wisata Pulesari adalah destinasi yang cocok banget kalau kamu ingin merasakan suasana pedesaan khas Jogja di lereng Gunung Merapi. Tempatnya asri, udara sejuk, dan pemandangan sawah serta kebun salak yang terbentang membuat pengalaman liburan jadi nyaman dan bersahabat.",5,Watashi wa Dayat,2026-01-12T00:15:29.115Z,Pulesari
tempatnya sejuk dan asri di bagian pendopo bersih dan pendamping di permainan untuk pendopo lumayan asik tapi agak judes yang perlu di perhatikan yaitu toilet toilet agak jauh dari tempat pendopo dan juga yang perlu diperhatikan lagi pendampuong di sungai judes bgt gabisa diajak bercanda kaya cuman nganterin doang kaku bgt itu aj sih mines nya,"tempatnya sejuk dan asri, di bagian pendopo bersih dan pendamping di permainan untuk pendopo lumayan asik tapi agak judes, yang perlu di perhatikan yaitu toilet, toilet agak jauh dari tempat pendopo dan juga yang perlu diperhatikan lagi pendampuong di sungai judes bgt gabisa diajak bercanda kaya cuman nganterin doang kaku bgt itu aj sih mines nya",3,Ilyas Skibidi,2026-01-05T04:57:40.914Z,Pulesari
bagus buat outbound jalannnya juga mudah di akses ramah ramah,"bagus buat outbound jalannnya juga mudah di akses, ramah ramah!",5,Salvia sava Kaiana,2026-01-03T12:02:24.837Z,Pulesari
asyik untuk oitbond edukatif dan spot masih sangat alami tolong fasilitatornya lebih gercep lagi,"Asyik untuk oitbond, edukatif dan spot masih sangat alami. Tolong fasilitatornya lebih gercep lagi.",4,khanif kurniati,2025-12-25T08:31:15.681Z,Pulesari
pas aku otbon sama satu kelas aku di situ seruuuuu banget aku sampek gak mau pulangggg,Pas aku otbon sama satu kelas aku di situ seruuuuu banget aku sampek gak mau pulangggg,5,Hera Okta,2025-11-27T10:26:05.793Z,Pulesari
arena outbound nya seru ada dua versi outbound untuk area sungai timur arusnya tidak terlalu deras sedangkan area sungai barat arusnya cukup deras dan tantangannya lebih seru pemandu nya ramah dan mau menjawab pertanyaan kita makanan yang disuguhkan juga enak,"Arena outbound nya seru ada dua versi outbound. Untuk area sungai timur arusnya tidak terlalu deras, sedangkan area sungai barat arusnya cukup deras dan tantangannya lebih seru.
Pemandu nya ramah dan mau menjawab pertanyaan kita. Makanan yang disuguhkan juga enak.",5,Dian Fitri,2025-11-26T07:39:42.122Z,Pulesari
pemandu sungai sangat kaku gabisa diajak bercanda cuman nganter liat aja harusnya ikut memeriahkan atau apa gitu nyesel banget malah seru fungame ice breakingnya sama bapabapka gendut gatau namanya,"Pemandu sungai sangat kaku, gabisa diajak bercanda,cuman nganter liat aja harusnya ikut memeriahkan atau apa gitu nyesel banget, malah seru fungame ice breakingnya sama bapabapka gendut gatau namanya😭",1,Amarilis,2025-11-23T04:58:52.580Z,Pulesari
tempat dimana kamu bisa ketemu orang orang baik yang hospitality nya mantepp poll,tempat dimana kamu bisa ketemu orang-orang baik yang hospitality nya mantepp poll,5,yisatheresia,2025-11-20T16:52:03.169Z,Pulesari
pemandu asungai kurang ramah cuma mengantar saja tidak bisa memeriahkan,"Pemandu asungai kurang ramah, cuma mengantar saja tidak bisa memeriahkan",1,Aji Muhammad,2025-11-20T15:13:33.856Z,Pulesari
tempat yang asyik dan cukup luas untuk berkegiatan seperti perkemahan pramuka gathering atau outbound seru semoga makin berjaya maju dan sejahtera,"Tempat yang asyik dan cukup luas untuk berkegiatan seperti perkemahan Pramuka, Gathering, atau Outbound seru. Semoga makin berjaya, maju, dan sejahtera.",5,M Yusup,2025-11-19T11:30:50.084Z,Pulesari
desa wisata pulesari terletak di daerah turi sleman pulesari ini biasa untuk outbond yang berhubungan dengan air seperti jembatan goyang medon kali trecking dll lumayan menguji nyali andrenalin tapi kalo untuk anak anak usia 5 8 tahun saya kira kurang aman yaa lebih diutamakan yg sudah usia 10tahun keatas untuk keseluruhan bagus banget buat pemandunya welcome dan humble bagi yang suka buah salak belanja sepuasnya disini murah banget dan buah fresh baru petik cuaca sejuk seperti dipegunungan,"Desa wisata pulesari terletak di daerah turi sleman. Pulesari ini biasa untuk outbond yang berhubungan dengan air, seperti jembatan goyang, medon kali, trecking dll.. lumayan menguji nyali andrenalin. Tapi kalo untuk anak anak usia 5 - 8 tahun saya kira kurang aman yaa.. lebih diutamakan yg sudah usia 10tahun keatas. Untuk keseluruhan bagus banget buat pemandunya welcome dan humble. Bagi yang suka buah salak.. belanja sepuasnya disini murah banget dan buah fresh baru petik. Cuaca sejuk seperti dipegunungan.",5,Christina Dewi,2025-11-16T10:04:32.423Z,Pulesari
tempatnya sejuk dan nyaman tetapi antara pengelola dan instruktur outbond kurang ada koordinasi instruktur seperti kurang persiapan selama pelaksanaan outbond instruktur juga tidak ramah dengan abk gestur tubuh dan obrolan sesama instruktur yang ditunjukkan seakan akan mengejek anak2 berkebutuhan khusus kecewa dan sedih melihatnya,"Tempatnya sejuk dan nyaman.
Tetapi antara pengelola dan instruktur outbond kurang ada koordinasi. Instruktur seperti kurang persiapan selama pelaksanaan outbond. Instruktur juga tidak ramah dengan ABK. Gestur tubuh dan obrolan sesama instruktur yang ditunjukkan seakan-akan mengejek anak2 berkebutuhan khusus. Kecewa dan sedih melihatnya.!!!",1,ambar ayu,2025-11-06T11:46:42.943Z,Pulesari
seru banget tempat nya minusnya makanan nya ga enak,"Seru banget tempat nya, minusnya makanan nya ga enak",4,mada Arradin,2025-11-02T13:54:58.330Z,Pulesari
desa wisata yg tenang untuk menuju desa ini harus melewati perkebunan salak kalo pagi segar dan nyenengin kalo udh malem jalannya gelap agak horor perkebunannya warga desanya ramah dan memang sudah terorganisir sebagai desa wisata rumah2 warga dijadikan penginapan satu rumah bisa buat tidur rombongan 5 15 orang lingkungannya terawat makanan dan snacknya sederhana ala desa ada outbound di sungai juga cocok buat yg cari tempat makrab dan outbound dengan budget terjangkau,Desa wisata yg tenang. Untuk menuju desa ini harus melewati perkebunan salak. Kalo pagi segar dan nyenengin. Kalo udh malem jalannya gelap agak horor perkebunannya. Warga desanya ramah dan memang sudah terorganisir sebagai desa wisata. Rumah2 warga dijadikan penginapan. Satu rumah bisa buat tidur rombongan 5-15 orang. Lingkungannya terawat. Makanan dan snacknya sederhana ala desa. Ada outbound di sungai juga. Cocok buat yg cari tempat makrab dan outbound dengan budget terjangkau.,5,anugerah ayu,2025-10-25T10:16:50.243Z,Pulesari
susur sungai warganya ramah dan baik,Susur sungai.. Warganya ramah dan baik,4,gamel ajalah,2025-10-23T07:41:17.914Z,Pulesari
mainan di sungai seperti waktu masih sekolah seru juga permainannya bikin lupa beban utang,Mainan di sungai seperti waktu masih sekolah. Seru juga permainannya bikin lupa beban utang😄😄,3,Selamet Jepara,2025-10-22T05:18:56.532Z,Pulesari
kerenn wisata desa yang sangat rekomended area luas nyaman fasilitas outbound lengkap cocok untuk edukasi rekreasi suasana pedesaan yang tenang alami,"Kerenn wisata desa yang sangat rekomended Area luas & nyaman
✅ Fasilitas outbound lengkap
✅ Cocok untuk edukasi & rekreasi
✅ Suasana pedesaan yang tenang & alami",5,S Nurwahid,2025-10-04T14:04:00.055Z,Pulesari
pelayanan tidak baik emosian gak jelas banget makanan gak ada rasanya,"Pelayanan tidak baik emosian💥🔥
GAK JELAS BANGET. MAKANAN GAK ADA RASANYA😭",1,Hoirul Ummah hoirulummah.2024,2025-10-03T13:44:17.195Z,Pulesari
petugas tidak ramah tolong lebih diperbaiki lagi keramahan dan komunikasi antar petugasnya serta lebih profesional lagi,"Petugas tidak ramah, tolong lebih diperbaiki lagi keramahan dan komunikasi antar petugasnya serta lebih profesional lagi.",1,Muhammad Haikal Attabik,2025-10-03T13:38:23.108Z,Pulesari
main di kali nya seruuuu,Main di kali nya seruuuu… 😘,4,qurrata ayunina,2025-09-25T11:23:41.953Z,Pulesari
tempatnya bersih masyarakatnya ramah jika malam ada banyak warung jd tidak perlu takut laper,Tempatnya bersih. Masyarakatnya ramah. Jika Malam ada banyak warung jd tidak perlu takut laper.,5,Ogriv Age Tisa Ginting,2025-09-16T10:09:15.092Z,Pulesari
tempat yang sejuk bisa outbond susur sungai seru banget kami igra kabupaten tangerang ke sini nermain dan bergembira,"Tempat yang sejuk ,bisa outbond,susur sungai ,seru banget ,kami igra kabupaten tangerang ke sini nermain dan bergembira",5,mia rosmiati,2025-09-11T13:32:53.331Z,Pulesari
memilih desa wisata pulesari untuk outbond remaja pir gereja pugeran banyak pendoponya ada 10 jadi dalam waktu bersamaan bisa melayani banyak rombongan disana dibantu tim sendiri untuk sesi acara dan fun games kemudian untuk outbondnya ada pilihan susur sungai timur dan barat untuk sungai timur rintangan pendek² sedangkan sungai barat lebih panjang rutenya antara rintangan 1 dan lainnya agak panjang parkiran luas ditiap pendopo free dan disediakan makanan dan tempat istirahat juga untuk driver bus begitu datang rombongan kemudian disediakan snack dan teh bisa pilih snack sebelumnya 3 macam kemudian makan siang juga pilih menu dan minum overall oke banget seh pelayanan disini lokasi bersih kamar mandi disediakan banyak dan memadai waktu hari h ada salah satu anak yang kakinya keseleo pas disungai tim dari pulesari gercep untum menolong kemudian membawa ke tukang pijet didaerah sana tanpa meminta biaya tambahan ke peserta jempolan seh makasih tim dan warga pulesari ramah² semua,"Memilih desa wisata Pulesari untuk outbond remaja (PIR) Gereja Pugeran. Banyak pendoponya ada 10 jadi dalam waktu bersamaan bisa melayani banyak rombongan. Disana dibantu tim sendiri untuk sesi acara dan fun games, kemudian untuk outbondnya ada pilihan susur sungai timur dan barat. Untuk sungai timur rintangan pendek² sedangkan sungai barat lebih panjang rutenya, antara rintangan 1 dan lainnya agak panjang. Parkiran luas ditiap pendopo, free dan disediakan makanan dan tempat istirahat juga untuk driver bus. Begitu datang rombongan kemudian disediakan Snack dan teh, bisa pilih Snack sebelumnya 3 macam, kemudian makan siang juga pilih menu dan minum. Overall oke banget seh pelayanan disini, lokasi bersih, kamar mandi disediakan banyak dan memadai. Waktu hari H ada salah satu anak yang kakinya keseleo pas disungai, tim dari Pulesari gercep untum menolong, kemudian membawa ke tukang pijet didaerah sana, tanpa meminta biaya tambahan ke peserta. Jempolan seh 👍👍 makasih tim dan warga Pulesari ramah² semua 🤗🙏🙏",5,F. Intan Pakis,2025-08-30T01:11:22.253Z,Pulesari
kemeriahan parade kirab budaya padukuhan pringwulung pringwulung tumpah ruah kebahagiaan dari anak anak orang dewasa hingga para lansia semua bersatu dalam warna warni kostum budaya parade ini bukan hanya sekadar peringatan hari kemerdekaan republik indonesia ke 80 tetapi juga wujud nyata pelestarian budaya dan adat istiadat yang kita cintai seluruh potensi padukuhan pringwulung baik budaya maupun ekonomi ikut bergerak menunjukkan semangat gotong royong dan kebersamaan alhamdulillah tahun ini menjadi tahun ke 5 kirab budaya kita terselenggara dengan meriah semoga tradisi ini terus berlanjut setiap tahun dan menjadi kebanggaan kita semua terima kasih untuk keluarga besar padukuhan pringwulung atas kerja sama partisipasi dan semangatnya mari kita terus maju jaya dan berbudaya pringwulungberbudaya hutri80 kirabbudaya gotongroyong,"✨🇮🇩 Kemeriahan Parade Kirab Budaya Padukuhan Pringwulung Pringwulung  🇮🇩✨

Tumpah ruah kebahagiaan! 🎉 Dari anak-anak, orang dewasa hingga para lansia, semua bersatu dalam warna-warni kostum budaya. 🌺🎭
Parade ini bukan hanya sekadar peringatan Hari Kemerdekaan Republik Indonesia ke-80, tetapi juga wujud nyata pelestarian budaya dan adat istiadat yang kita cintai. ❤️

Seluruh potensi Padukuhan Pringwulung — baik budaya maupun ekonomi — ikut bergerak, menunjukkan semangat gotong royong dan kebersamaan. 🤝🌾

Alhamdulillah, tahun ini menjadi tahun ke-5 kirab budaya kita terselenggara dengan meriah. Semoga tradisi ini terus berlanjut setiap tahun dan menjadi kebanggaan kita semua. 🙏✨

Terima kasih untuk keluarga besar Padukuhan Pringwulung atas kerja sama, partisipasi, dan semangatnya. Mari kita terus maju, jaya, dan berbudaya! 🌟

#PringwulungBerbudaya #HUTRI80 #KirabBudaya #GotongRoyong",5,Reno Sangadji,2025-08-24T23:55:21.024Z,Pulesari
kueren bgt mantap,Kueren bgt mantap,5,Alfonsus Rudy Setyanta,2025-08-24T03:31:04.339Z,Pulesari
baik sangat indah seru pokok nya,Baik sangat indah seru pokok nya,5,Di Va,2025-08-23T05:46:13.973Z,Pulesari
tempatnya asik banget pernah kesini waktu masih kuliah seru banget ada permainan dan susur sungai susur sungai ini yg bener2 pengalaman tak terlupakan gabisa didapat di tempat lain disana hawanya dingin apalagi kalau kesana rombongan banyak orang itu bener2 asik buaaaaangeeeetttt ada outbond dan jelajah di wilayah itu bener2 seru sekali masyarakatnya juga ramah ramah baik baik bgt tp pengalaman disana adek tingkat dan temenku pernah kesurupan sampe pulangnya mereka pun semenjak itu sering diganggu mahluk2 halus aneh tp nyata bgt sih,"tempatnya asik banget... pernah kesini waktu masih kuliah.. seru banget ada permainan dan susur sungai.. susur sungai ini yg bener2 pengalaman tak terlupakan, gabisa didapat di tempat lain.. disana hawanya dingin apalagi kalau kesana rombongan banyak orang itu bener2 asik buaaaaangeeeetttt... ada outbond dan jelajah di wilayah itu bener2 seru sekali.. masyarakatnya juga ramah-ramah.. baik baik bgt... tp pengalaman disana adek tingkat dan temenku pernah kesurupan 😅 sampe pulangnya mereka pun semenjak itu sering diganggu mahluk2 halus.. aneh tp nyata bgt sih...",5,Rahmadhani Magfiroh Fitamami,2025-08-19T02:43:11.133Z,Pulesari
bagus banget viewnya,Bagus banget viewnya,5,ahmad aji,2025-08-11T08:58:59.116Z,Pulesari
desa wisata pulesari terletak di turi sleman yogyakarta dan dikenal sebagai tempat outbond yang seru di tengah suasana pedesaan yang asri dikelilingi kebun salak dan aliran sungai alami desa ini cocok untuk kegiatan edukatif keluarga maupun rombongan sekolah beragam aktivitas seru seperti flying fox tubing jelajah alam hingga permainan tradisional tersedia di sini warga desa ramah dan mendukung kegiatan wisata dengan fasilitas yang cukup lengkap suasana segar dan alami menjadikan pulesari tempat ideal untuk melepas penat dari hiruk pikuk kota cocok untuk wisata alam budaya dan edukasi dalam satu tempat,"Desa Wisata Pulesari terletak di Turi, Sleman, Yogyakarta, dan dikenal sebagai tempat outbond yang seru di tengah suasana pedesaan yang asri. Dikelilingi kebun salak dan aliran sungai alami, desa ini cocok untuk kegiatan edukatif, keluarga, maupun rombongan sekolah. Beragam aktivitas seru seperti flying fox, tubing, jelajah alam, hingga permainan tradisional tersedia di sini. Warga desa ramah dan mendukung kegiatan wisata dengan fasilitas yang cukup lengkap. Suasana segar dan alami menjadikan Pulesari tempat ideal untuk melepas penat dari hiruk pikuk kota. Cocok untuk wisata alam, budaya, dan edukasi dalam satu tempat.",5,dee deew,2025-08-03T02:43:52.121Z,Pulesari
desa wisata pulesari tuh bener bener tempat healing yang asyik adem dan penuh petualangan udaranya sejuk banget view nya ijo royo royo dan suasananya tenang ramah banget aktivitasnya seruuu abis ada susur sungai outbond permainan tradisional tracking kebun salak sampai belajar budaya jawa anak anak happy orang dewasa pun ketagihan ikut main makanannya khas desa banget disajikan di daun pisang dan bikin nambah terus warga lokalnya juga super ramah bikin betah dan berasa kayak di kampung sendiri cocok buat outing gathering field trip sekolah atau sekadar escape dari rutinitas kota fasilitas lengkap harga bersahabat dan spot foto alamnya cakep semua pulesari edukasi petualangan kehangatan desa wajib mampir kalau ke sleman,"Desa Wisata Pulesari tuh bener-bener tempat healing yang asyik, adem, dan penuh petualangan! 😍🌿🏞️
Udaranya sejuk banget, view-nya ijo royo-royo, dan suasananya tenang & ramah banget 🍃☀️❤️

Aktivitasnya seruuu abis! Ada susur sungai, outbond, permainan tradisional, tracking kebun salak, sampai belajar budaya Jawa 👣🛶🎯🎭
Anak-anak happy, orang dewasa pun ketagihan ikut main! 🤸‍♂️👨‍👩‍👧‍👦😄

Makanannya khas desa banget, disajikan di daun pisang dan bikin nambah terus 😋🍽️🌾
Warga lokalnya juga super ramah, bikin betah dan berasa kayak di kampung sendiri 🏡🤗

Cocok buat outing, gathering, field trip sekolah, atau sekadar escape dari rutinitas kota 💆‍♀️📵🍃
Fasilitas lengkap, harga bersahabat, dan spot foto alamnya cakep semua! 📸🌳🪵

Pulesari = edukasi + petualangan + kehangatan desa 🫶💚
Wajib mampir kalau ke Sleman!",5,Teguh Kwatno,2025-07-19T16:19:40.875Z,Pulesari
tempatnya adem dan asri banget cocok buat yang pengin healing dari hiruk pikuk kota warganya ramah dan banyak aktivitas seru seperti susur sungai outbond dan nyicipin makanan tradisional suasana pedesaannya masih kerasa banget bikin betah berlama lama kalo udah capek aku bisa pulang kekosanku yang nyaman banget kalo udah basah basahan dan cuma ganti baju bisa mandi air panas dikosan terus bobo deh karena kasurnya empuk dan bersih aku pake kode promo jumbodparagon biar lebih murah nginepnya,"Tempatnya adem dan asri banget, cocok buat yang pengin healing dari hiruk pikuk kota. Warganya ramah, dan banyak aktivitas seru seperti susur sungai, outbond, dan nyicipin makanan tradisional. Suasana pedesaannya masih kerasa banget, bikin betah berlama-lama. kalo udah capek aku bisa pulang kekosanku yang nyaman banget.

Kalo udah basah basahan dan cuma ganti baju bisa mandi air panas dikosan terus bobo deh karena kasurnya empuk dan bersih. Aku Pake Kode Promo JUMBODPARAGON biar lebih murah nginepnya",5,Dewi Ratnasari,2025-07-16T07:31:11.002Z,Pulesari
bagus bisa outbond seru di sungai dg harga terjangkau managemen cukup bagus dengan mengerahkan penduduk sekitar tapi hati2 kalau beli salak dan jadah tempe di daerah situ harus pilih pilih agar tidak kemahalan dan dapet barang yang jelek2,Bagus. Bisa outbond seru di sungai dg harga terjangkau. Managemen cukup bagus dengan mengerahkan penduduk sekitar. Tapi hati2 kalau beli salak dan jadah tempe di daerah situ harus pilih-pilih agar tidak kemahalan dan dapet barang yang jelek2.,5,Flowscent,2025-07-08T02:36:18.003Z,Pulesari
tempat nya keren dan fasilitas oke tapi sebaiknya dokumentasi lebih ditingkatkan lagi skill nya dikurangi penggunaan flash nya karna justru akan merusak gambar lalu sebelum drive dokumentasi dikirim sebaiknya video video di stabilkan dahulu untuk fokus kamera jga harus di atur karna banyak yang blur terimakasih,"Tempat nya keren dan fasilitas oke, tapi sebaiknya dokumentasi lebih ditingkatkan lagi skill nya, dikurangi penggunaan flash nya karna justru akan merusak gambar. Lalu sebelum drive dokumentasi dikirim sebaiknya video video di stabilkan dahulu. Untuk fokus kamera jga harus di atur karna banyak yang blur.
Terimakasih",3,Dika,2025-07-04T19:15:11.502Z,Pulesari
akses jalan menuju ke desa wisata pulesari hendaknya diperlebar lagi,Akses jalan menuju ke desa wisata pulesari hendaknya diperlebar lagi🙏,4,Nuvin Good boy,2025-07-03T04:12:16.585Z,Pulesari
seru sekali outbond di sinii recommended buat yg mau outbond atau family gathering,seru sekali outbond di sinii!! recommended buat yg mau outbond atau family gathering!!,5,Nabilah Cahya,2025-06-29T03:04:49.513Z,Pulesari
wisata nya sangat menyenangkan dan diharap untuk selajutnya pengelola dapat meningkat penjagaan di sekitar sungai dikarenakan disaat ada anak kecil yang melewati wahana tersebut bisa mengakibatkan terpeleset dan akan beresiko mungkin hal yang dapat dilakukan ada melakukan pembatasan minimum tinggi anak ataupun pengelola yang lebih banyak stay di area air menjaga lebih bagi wisatawan yang melakukan kegiatan terima kasih,"Wisata nya sangat menyenangkan, dan diharap untuk selajutnya  pengelola dapat meningkat penjagaan di sekitar sungai, dikarenakan disaat ada anak kecil yang melewati wahana tersebut bisa mengakibatkan terpeleset dan akan beresiko, mungkin hal yang dapat dilakukan ada melakukan pembatasan minimum tinggi anak ataupun pengelola yang lebih banyak stay di area air menjaga lebih bagi wisatawan yang melakukan kegiatan, terima kasih 🙏",3,Dwi kharisma Wati,2025-06-27T13:41:09.803Z,Pulesari
pengalaman yang seru dan mengesankan pengen kembali lagi ke sini,Pengalaman yang seru dan mengesankan. Pengen kembali lagi ke  sini.,4,sumandita noviani,2025-06-17T13:53:09.739Z,Pulesari
tempatnya nyaman lumayan bersih dan disana disediakan makanan dan minuman tempat outbondnya juga teduh dan tidak terlalu dalam jadi untuk yg gak bisa berenang aman banget,"Tempatnya nyaman, lumayan bersih dan disana disediakan makanan dan minuman. Tempat outbondnya juga teduh dan tidak terlalu dalam jadi untuk yg gak bisa berenang aman banget",4,Agnes oktavia,2025-06-12T07:09:51.965Z,Pulesari
tetangga desa di sampingnya desa pulesari tempatya indah sejuk bisa maennan air asli pegunungan bisa memetik buah salak langsung dari pohonya ada rumah jogloya juga pokok ya asik yaman,"Tetangga desa di sampingnya.desa pulesari tempatya indah sejuk.bisa maennan air asli pegunungan,bisa memetik buah salak langsung dari pohonya.ada rumah jogloya juga..pokok ya asik yaman!",5,Sugeng Triyanto,2025-06-10T11:26:41.373Z,Pulesari
lokasi yang bagus untuk outbond keluarga maupun sekolah airnya sejuk tempat makan mudah tempat ibadah juga besar,"Lokasi yang bagus untuk Outbond keluarga maupun sekolah. Airnya sejuk,tempat makan mudah,tempat ibadah juga besar",5,Nova Razak,2025-06-04T01:08:44.970Z,Pulesari
tempat nya asyik buat anak2 outbont cuma saran aja alangkqh baiknya sungai yg tuk nyisir itu di kasih batu apa krikil2 biar qir nya ga kotor kayak air comberan karena kemrn banyak yg nheluh habis main trus pada gatel,Tempat nya asyik buat anak2 outbont.cuma saran aja alangkqh baiknya sungai yg tuk nyisir itu di  kasih batu apa krikil2 biar qir nya ga  kotor kayak air comberan ..karena kemrn banyak yg nheluh habis main trus pada gatel,4,sulis purwanti,2025-05-29T23:56:39.436Z,Pulesari
baguss luas menyenangkan pelayanan ramah tempat enak bersih permainan air ada lebih dari 20 lohh menu snak ada 3 macam menu makan sup ayam bacem krupuk sambal ada jualan salak jajan jugaa hargaa jjan 5000an corndog bakso kuah sosis bakar es dogerrr klau salak 3000 sampai 12rb pwe kg masih bisa ditawarrr lohhhh,"Baguss.. Luas.. Menyenangkan...
Pelayanan ramah.. Tempat enak.. Bersih.. Permainan air ada lebih dari 20 lohh.....
Menu snak ada 3 macam
Menu makan sup.. Ayam. Bacem.. Krupuk. Sambal...
Ada jualan salak.. Jajan jugaa.. Hargaa jjan 5000an.corndog..bakso kuah.. Sosis bakar.. Es dogerrr...
Klau salak 3000 sampai 12rb pwe kg.. Masih bisa ditawarrr lohhhh",5,Wulansari Handayani,2025-05-27T22:01:14.421Z,Pulesari
keren sih ini pengurus rw nya bisa mempunyai gagasan dan berproses menjadikan desa wisata walaupun akses nya lumayan jauh dari jalan raya propinsi akan tetapi mampu mengundang banyak tamu untuk menyelenggarakan acara gathering dan pertemuan di tempat ini yg perlu di tambahi adalah toko kelontong menyediakan snack dan makanan ringan rokok kopi 2 hari kami mengadakan acara di desa pulesari ini dan menginap 1 malam bagi yg ada agenda menginap jangan lupa bawa jaket dan selimut karena kalau malam hari terasa dingin karena kami tidak menyelenggarakan outbound jadi belum bisa memberikan review mengenai lokasi tracking dan keseruan healing with nature nya so sukses terus buat desa pulesari terus berbenah menata dan membangun untuk selalu memberikan pengalaman terbaik untuk para tamu yang hadir,"Keren sih ini Pengurus RW nya bisa mempunyai gagasan dan berproses menjadikan Desa wisata. Walaupun akses nya lumayan jauh dari jalan raya propinsi akan tetapi mampu mengundang banyak tamu untuk menyelenggarakan acara Gathering dan pertemuan di tempat ini. Yg perlu di tambahi adalah toko kelontong menyediakan snack dan makanan ringan, rokok, kopi.
2 hari kami mengadakan acara di Desa Pulesari ini dan menginap 1 malam. Bagi yg ada agenda menginap jangan lupa bawa jaket dan selimut karena kalau malam hari terasa dingin.
Karena kami tidak menyelenggarakan outbound jadi belum bisa memberikan review mengenai lokasi, tracking dan keseruan healing with Nature nya.
So, Sukses terus buat Desa Pulesari, terus berbenah, menata dan membangun untuk selalu memberikan pengalaman terbaik untuk para tamu yang hadir.",4,Jatmiko Guava,2025-05-16T09:42:10.826Z,Pulesari
desa wisata yg apik tersedia lokasi utk out bound,Desa wisata yg apik. . tersedia lokasi utk out bound,4,Siswadi Boncis,2025-05-13T12:50:08.306Z,Pulesari
tempatnya representatif jalan nga asik banget,"Tempatnya representatif
Jalan nga asik banget",5,AyahNgaji TV,2025-05-13T11:47:09.250Z,Pulesari
mungkin kedepannya kalo yg ice breaking yg coret muka jangan pake wajan gosong ya karna kulit setiap orang itu beda dan kita ngga tau seberapa banyak uang yang mereka keluarkan untuk merawat kulit wajah mereka,"mungkin kedepannya kalo yg ice breaking yg coret muka jangan pake wajan gosong ya, karna kulit setiap orang itu beda"" dan kita ngga tau seberapa banyak uang yang mereka keluarkan untuk merawat kulit wajah mereka",3,Jihan Fadhilahh,2025-05-10T12:33:40.644Z,Pulesari
cocok buat family day atau komunitas yang ingin refresh dari rutinitas kota nyusuri sungai atau river tracking sangat membantu memulihkan gelombang elektromagnet dan sel sel positif di dalam otak,"Cocok buat family day atau komunitas yang ingin refresh dari rutinitas kota. Nyusuri sungai atau river tracking, sangat membantu memulihkan gelombang elektromagnet dan sel-sel positif di dalam otak.",5,Candra Syaeful R,2025-04-29T00:18:28.877Z,Pulesari
pernah kesini satu pabrikk dan salah satu nya aq dapat sangat berharga karena pengalaman,Pernah kesini satu pabrikk dan salah satu nya aq dapat sangat berharga karena pengalaman...,4,Ranto Suranto,2025-04-19T04:38:33.903Z,Pulesari
lumayan seru tapi rintangannya aksterim banget juga waktu itu di pundaknya temen aku ada laba laba yang lumayan gede,Lumayan seru tapi rintangannya aksterim banget😖 juga waktu itu di pundaknya temen aku ada laba laba yang lumayan gede😖😡,3,Ismalia Isma,2025-04-17T09:31:16.793Z,Pulesari
tempatnya recomend banget air pegunungan yg dingin sejuk serta pendamping ramah pokoknya kamu akan mendapatkan pengalaman tantangan yg menarik kususnya bagi anak2 yg suka petualang,Tempatnya recomend banget air pegunungan yg dingin & sejuk serta pendamping ramah. Pokoknya kamu akan mendapatkan pengalaman & tantangan yg menarik kususnya bagi anak2 yg suka petualang.,5,Ariyanto,2025-04-09T12:51:37.920Z,Pulesari
desa wisata yang dikelola masyarakat mantab aktraksi susur sungai nya anak anak suka,desa wisata yang dikelola masyarakat. Mantab aktraksi susur sungai nya. anak-anak suka,5,krishnoy,2025-04-02T23:41:36.138Z,Pulesari
sangat bagus tempatnya dan stafnya ramah ramah kegiatannya sangat serruuh dan mantapppppp,"Sangat bagus tempatnya dan stafnya ramah ramah
Kegiatannya sangat serruuh
Dan mantapppppp",4,Ade abdullah Uran,2025-03-08T03:14:04.644Z,Pulesari
sangat cocok untuk acara outbound baik untuk anak2 maupun dewasa pelayanan yang sangat memuaskan dan ramah wahana air yang menyenangkan serta games2 yang seru,Sangat cocok untuk acara outbound baik untuk anak2 maupun dewasa. Pelayanan yang sangat memuaskan dan ramah. Wahana air yang menyenangkan serta games2 yang seru.,5,Titik Ruswanti,2025-03-06T22:56:23.731Z,Pulesari
desanya asri banget cocok buat outbond air di sungainya jernih udaranya segar belum terkontaminasi dgn polusi masyarakat desa dan pengelola desa wisata sangat welcome dengan tamu di dekat sini juga ada sentra durian bisa sekalian hunting,"Desanya asri banget, cocok buat outbond.. Air di sungainya jernih & udaranya segar belum terkontaminasi dgn polusi.. Masyarakat desa dan pengelola desa wisata sangat welcome dengan tamu.. Di dekat sini juga ada sentra durian, bisa sekalian hunting.. 😁",5,Arifin Sidiq,2025-03-04T22:29:07.099Z,Pulesari
tempat nya asri adem dan warga d sana baik2 sekali,"Tempat nya asri, adem, dan warga d sana baik2 sekali..",5,Meitina Pratiwi,2025-03-01T10:12:48.301Z,Pulesari
desa wisata yg keren bersihh nyaman recomended,"Desa wisata yg keren, bersihh.. nyaman
Recomended",5,Ahmad Mutaqin Habibi,2025-02-26T11:50:15.423Z,Pulesari
outbond anak2 dari sekolah lama beberapa tahun yg lalu anak2 suka dan menikmati dari sekolah menggunakan bus yang diparkir di parkiran mobumen jogja kembali dengan 9bus dari pagi hingga menjelang sore sudan sampai tiba kembali membawa baju ganti dan dianjurkan sepatu sendal saja utk outbond ini,"Outbond anak2 dari sekolah lama beberapa tahun yg lalu,anak2 suka dan menikmati, dari sekolah menggunakan bus yang diparkir di parkiran Mobumen Jogja Kembali dengan 9bus dari pagi hingga menjelang sore Sudan sampai tiba kembali, membawa baju ganti dan dianjurkan sepatu sendal saja utk outbond ini",4,Aprilummu FakhriFattanFatirFaqih,2025-02-25T15:18:53.725Z,Pulesari
tempat nyaman banyak joglo2 yg disewakan untukmacara outbond,Tempat nyaman... banyak joglo2 yg disewakan untukmacara outbond,5,Ratih Budi Arifiyanti,2025-02-25T14:21:14.255Z,Pulesari
tempat bersih fasilitas baik lokasi outbond airnya menyegarkan,"Tempat bersih
Fasilitas baik
Lokasi outbond airnya menyegarkan",4,Arif Muttaqin,2025-01-30T01:59:21.087Z,Pulesari
desa wisata pulesari adalah destinasi yang luar biasa untuk menikmati keindahan alam dan budaya lokal terletak di kawasan yang sejuk dan dikelilingi pemandangan pegunungan desa ini memberikan suasana yang sangat tenang dan menyegarkan salah satu aktivitas seru yang bisa dilakukan di sini adalah susur sungai dengan halang rintang pengunjung diajak menjelajahi sungai sambil melewati berbagai tantangan yang menguji keberanian dan kekompakan seperti melompat dari batu besar atau menyusuri jembatan kayu aktivitas ini sangat cocok bagi para pencinta petualangan yang ingin merasakan keseruan dan keindahan alam dari sudut yang berbeda secara keseluruhan desa wisata pulesari adalah tempat yang tepat untuk melarikan diri dari hiruk pikuk kota dan menikmati waktu berkualitas di alam yang indah,"Desa Wisata Pulesari adalah destinasi yang luar biasa untuk menikmati keindahan alam dan budaya lokal. Terletak di kawasan yang sejuk dan dikelilingi pemandangan pegunungan, desa ini memberikan suasana yang sangat tenang dan menyegarkan.

Salah satu aktivitas seru yang bisa dilakukan di sini adalah susur sungai dengan halang rintang. Pengunjung diajak menjelajahi sungai sambil melewati berbagai tantangan yang menguji keberanian dan kekompakan, seperti melompat dari batu besar atau menyusuri jembatan kayu. Aktivitas ini sangat cocok bagi para pencinta petualangan yang ingin merasakan keseruan dan keindahan alam dari sudut yang berbeda.

Secara keseluruhan, Desa Wisata Pulesari adalah tempat yang tepat untuk melarikan diri dari hiruk-pikuk kota dan menikmati waktu berkualitas di alam yang indah.",5,Erwin Wijanarko,2025-01-29T14:33:37.028Z,Pulesari
sangat menyenangkan dengan masyarakat yang ramah ramah dan area lingkungan yang bersihh tracking sungai yang sangat menyenangkan dengan berbagai wahanan begitu pula dengan fun games nyaaa sangat menyenangkan home stay dan pendopo yang sangat luass dan bersihhh,"Sangat menyenangkan dengan masyarakat yang ramah ramah dan Area Lingkungan yang bersihh, tracking sungai yang sangat menyenangkan dengan berbagai wahanan begitu pula dengan fun games nyaaa  sangat menyenangkan. Home stay dan pendopo yang sangat luass dan bersihhh👌🏻👌🏻",5,Marlina Bunga,2025-01-21T01:44:59.720Z,Pulesari
dua tahun yg lalu berkunjung bawa rombongan outbond ber 50 org dr mulai pertama mulai sampe akhir terkesan diabaikan trainner tdk mumpuni dan sepertinya koordinasi antar tim pengelola kurang memadai yg lebih mengecewakan lg pertama booking sdh ditawarkan dokumentasi sekalian akhirnya kami mau pd prakteknya setelah selesai acara kami plg ditunggu 3hr tdk ada kabar tentang dokumentasi akhirnya sy wa dgn pengelola di nmr yg dl km reservasi jawabannya mengecewakan malah melempar ke org yg katanya mengurus dokumentasi akhirnya setelah dilempar kesana kemari dan menunggu sekitar 5hr dpt jawabannya dokumentasi error katanya ada kerusakan kamera yg terkirim hanya foto di awal kegiatan tok dan hanya beberapa logikanya km pesan foto dan video kl misal dr awal ada kerusakan hrsnya tau dong ya secara itu kegiatan hampir 2 jam dan hrsnya kl bertanggung jawab jgn sampai km yg bertanya hrsnya ada inisiatif dr sana untuk memberitahu sy komplain pengelola tdk terima dan tdk mau disalahkan akhirnya tanpa pengembalian dana ataupun sekedar permintaan maaf nmr sy di blokir sekelas desa wisata terstruktur pelayanan seperti ini cukup sekali dan sejak itu gak lg2 kesana pdhal sy bs 3 kali dlm setahun pasti menangani outbound ternyata mengecewakan,"Dua tahun yg lalu berkunjung bawa rombongan outbond ber 50 org, dr mulai pertama mulai sampe akhir terkesan diabaikan trainner tdk mumpuni dan sepertinya koordinasi antar tim pengelola kurang memadai
Yg lebih mengecewakan lg pertama booking sdh ditawarkan dokumentasi sekalian akhirnya kami mau, pd prakteknya setelah selesai acara kami plg ditunggu 3hr tdk ada kabar tentang dokumentasi akhirnya sy WA dgn pengelola di nmr yg dl km reservasi jawabannya mengecewakan malah melempar ke org yg katanya mengurus dokumentasi, akhirnya setelah dilempar kesana kemari dan menunggu sekitar 5hr dpt jawabannya dokumentasi error katanya ada kerusakan kamera, yg terkirim hanya foto di awal kegiatan tok dan hanya beberapa, logikanya km pesan foto dan video kl misal dr awal ada kerusakan hrsnya tau dong ya, secara itu kegiatan hampir 2 jam dan hrsnya kl BERTANGGUNG JAWAB jgn sampai km yg bertanya hrsnya ada inisiatif dr sana untuk memberitahu...sy komplain pengelola tdk Terima dan tdk mau disalahkan akhirnya tanpa pengembalian dana ataupun sekedar permintaan maaf nmr sy di blokir....
Sekelas desa wisata terstruktur pelayanan seperti ini, cukup sekali dan sejak itu gak lg2 kesana pdhal sy bs 3 kali dlm setahun pasti menangani outbound ternyata MENGECEWAKAN",1,Mutiara Nurmadina,2025-01-11T08:26:23.862Z,Pulesari
selain untuk outbond bisa juga joglo disewa untuk acara resepsi,Selain Untuk Outbond bisa juga Joglo Disewa untuk Acara Resepsi,5,No Set,2025-01-11T06:24:22.730Z,Pulesari
main di sungai bersama anak2 semua happy tempatnya sejuk sungainya pas buat bermain anak ada guide yg mendampingi recomended untuk liburan keluarga,"Main di sungai bersama anak2, semua happy
Tempatnya sejuk, sungainya pas buat bermain anak.
Ada guide yg mendampingi
Recomended untuk liburan keluarga",5,Mohammad Davi,2024-12-28T06:25:01.547Z,Pulesari
wahana air kurang menarik di sungai ke 2,wahana air kurang menarik di sungai ke 2,2,Anggaaa Rwarrr,2024-12-26T03:37:16.875Z,Pulesari
lagi medun 1 langkah tangga langsung di bengoki pegawene sing go klambi biru lemu mbak bayar 20rb kalau sudah turun tangga tak jawab iyoo engko tak bayar dan akhirnya saya naik lgs tak bayar jelas tulisan tidak ada peringatan lgs di bengoki kegiatan outbond pule sari tertutup marai ngagoli ora masalah dwete le bayar cuma ngopo ra ngekei tulisan selain peserta paket dilarang masuk malah di bengoki orang akan lebih paham jika ada tulisan ora di suarani po di tulisi orang tua tidak boleh ikut turun karena paket buat anak2 yg daftar paket outbond aq mung ngeterke anakqu ora neg aq rep melu nyemplung pokoke ra rekomendasi buanget neng pulesari saya di sini sudah 3x lagi iki medun jupuk foto seko sebelah tangga bawah kon bayar,"lagi medun 1 langkah tangga langsung di bengoki pegawene sing go klambi biru lemu, "" mbak bayar 20rb kalau sudah turun tangga"". tak jawab, iyoo engko tak bayar, dan akhirnya saya naik lgs tak bayar, jelas tulisan tidak ada peringatan... lgs di bengoki kegiatan outbond Pule sari tertutup. marai ngagoli... ora masalah dwete le bayar, cuma ngopo Ra ngekei tulisan selain peserta paket dilarang masuk... malah di bengoki... orang akan lebih paham jika ada tulisan ora di suarani... po di tulisi orang tua tidak boleh ikut turun karena paket buat anak2 yg daftar paket outbond... aq mung ngeterke anakqu ora  neg aq Rep Melu nyemplung,, pokoke Ra rekomendasi buanget neng Pulesari..  saya di sini sudah 3x lagi Iki medun jupuk foto seko sebelah tangga bawah Kon bayar....",1,Cleopatra Cleopatra,2024-12-26T03:18:30.164Z,Pulesari
cocok sekali untuk outbond anak2 yg jauh dari kebisingan kota suasana desa yg nyaman,"Cocok sekali untuk outbond anak2 yg jauh dari kebisingan kota, suasana desa yg nyaman",5,Endah Ika,2024-12-24T03:22:01.008Z,Pulesari
desa wisata yang asri sejuk dan cocok untuk jalan jalan susur dungai,desa wisata yang asri sejuk dan cocok untuk jalan jalan susur dungai,5,Kopi Si Ndoro,2024-12-22T15:15:14.038Z,Pulesari
mantap masih asri petugas banyak yg dampingi jd kami merasa aman dan nyaman,Mantap... Masih asri... Petugas banyak yg dampingi jd kami merasa aman dan nyaman,5,anita vaza,2024-12-21T21:32:47.426Z,Pulesari
bagus untuk agenda outbond mantap,"Bagus . untuk Agenda outbond..
Mantap..",5,Krisna Andre,2024-12-21T02:20:19.855Z,Pulesari
seruuu bangett susur sungai di desa ini bikin nagihhh ga mau brenti maen air,Seruuu bangett susur sungai di desa ini. Bikin nagihhh ga mau brenti maen air,5,Noveti Endriyani,2024-12-17T11:04:52.557Z,Pulesari
rekomendasi untuk kegiatan outbond tempatnya sejuk asri dan tentunya banyak pilihan paket yang murah,"Rekomendasi untuk kegiatan Outbond, tempatnya sejuk, asri dan tentunya banyak pilihan paket yang murah",5,Ade Bimo,2024-12-10T11:13:07.008Z,Pulesari
tempat bersih dan rindang ada agenda susur sungai pendopo sound system dan makanan yang disediakan cukup mengakomodir kegiatan,"Tempat bersih dan rindang, ada agenda susur sungai, pendopo, sound system, dan makanan yang disediakan cukup mengakomodir kegiatan",5,Aga Widyantoro Nur Ikhsan,2024-12-09T01:24:13.952Z,Pulesari
tempat yg asik buat out bond,Tempat yg asik buat out bond,5,Enggar Kurniawan,2024-11-12T00:52:23.446Z,Pulesari
lumayan bagus area parkir luas saran outbound jg tersedia untuk menginap juga ada,Lumayan bagus area parkir luas saran outbound jg tersedia untuk menginap juga ada,4,Ris Anto,2024-10-30T10:22:01.506Z,Pulesari
desa wisata pulesari sangat cocok untuk wisata edukasi,Desa wisata pulesari sangat cocok untuk wisata edukasi,1,Sudarsono Sudarsono,2024-10-19T13:54:44.195Z,Pulesari
desa wisata pulosari,Desa wisata pulosari,5,Dede ardiansyah Putra,2024-09-19T08:17:21.452Z,Pulesari
desa wisata yg sejuk cocok bgt bt outbond,Desa wisata yg sejuk cocok bgt bt outbond,5,Lies rosanita Khomas,2024-09-11T03:00:22.682Z,Pulesari
bagus untuk bermain anak,Bagus untuk bermain anak,5,hendrawan hen,2024-09-04T03:26:27.151Z,Pulesari
tempatnya seru pengelolanya juga baik acara di dampingi dari awal sampai akhir,"Tempatnya seru..
Pengelolanya juga baik..
Acara di dampingi dari awal sampai akhir",5,widha tyas,2024-09-01T13:06:44.772Z,Pulesari
mantap rekomendasi yang pas untuk kegiatan outbond dan bisa memilih paket bisa petik salak juga,"Mantap, rekomendasi yang pas untuk kegiatan outbond dan bisa memilih paket. Bisa petik salak juga",5,Novita dwi susanti,2024-08-25T07:12:58.869Z,Pulesari
bagus dan asri,Bagus dan Asri,5,Soegeng Wijadi,2024-08-20T04:11:49.967Z,Pulesari
seru sekali dengan mc yg super bikin ketawa,Seru sekali dengan mc yg super bikin ketawa,5,Alfi Rosyid,2024-08-10T12:58:24.551Z,Pulesari
tempat wisata yang asri dan asyik banyak wahana permainan di air yang bikin permainan jadi lebih seru,Tempat wisata yang asri dan asyik. Banyak wahana permainan di air yang bikin permainan jadi lebih seru,5,Lulu Innafisah,2024-08-07T15:31:27.177Z,Pulesari
fun games nya fun banget outbound nya anak2 dan ibu nya senang sungai nya so far amaannn rasa makanan mohon ditingkatkan lagi kamar mandi nya memadai,"Fun games nya fun banget, outbound nya anak2 dan ibu nya senang, sungai nya so far amaannn... rasa makanan mohon ditingkatkan lagi... Kamar mandi nya memadai.",4,marva raqilla,2024-07-28T21:18:54.603Z,Pulesari
unik menarik suasana desa jawa yg rumah2 nya bersih sungai kecilnya jg bersih mengenang masa kecil yg suka berpetualang,Unik menarik suasana desa Jawa yg rumah2 nya bersih sungai kecilnya jg bersih... Mengenang masa kecil yg suka berpetualang....,5,Keiko Cam,2024-07-27T11:54:04.765Z,Pulesari
diberdayakan oleh warga sekitar dikelola dg baik suasana desa yg masih asri dg orang orang yg ramah dan sangat membantu,"Diberdayakan oleh warga sekitar. Dikelola dg baik, suasana desa yg masih asri dg orang orang yg ramah dan sangat membantu.",4,Ratih Purnamasari,2024-07-25T10:16:13.592Z,Pulesari
favorit lah untuk kegiatan acara outbound bareng2 seperti pusahaan keluarga sekolah yayasan dll karena suasana sejuk asri dan tentunya murah,"Favorit lah untuk kegiatan acara Outbound bareng2 seperti pusahaan, keluarga, sekolah, yayasan dll... Karena suasana sejuk, asri, dan tentunya murah",5,Aship Barhoya,2024-07-14T14:19:19.062Z,Pulesari
suasana sejuk dan air sungainya masih bersih,Suasana sejuk dan air sungainya masih bersih,5,Arif Pramana,2024-07-04T12:48:02.055Z,Pulesari
menarik sekali pengelola baik dan ramah anak2 diajak bermain utk melatih konsentrasi yang lebih menarik waktu susur sungai top,"Menarik sekali. Pengelola baik dan ramah. Anak2 diajak bermain utk melatih konsentrasi.
Yang lebih menarik waktu susur sungai, top.....👍👍👍",5,Yupi Rahayu,2024-06-25T22:39:59.054Z,Pulesari
pengurus nya sungguh sombong sekali tidak sekali pun kami ditemui untuk koordinasi lama sekali kami penyelenggara kegiatan bawa peserta 110 orang di kenakan biaya makan 120pax info nya hitung nya lewat cctv aneh ketemu juga model kaya gini di jogja,"pengurus nya sungguh sombong sekali, tidak sekali pun kami ditemui, untuk koordinasi lama sekali, kami penyelenggara kegiatan bawa peserta 110 orang, di kenakan biaya makan 120pax, info nya hitung nya lewat cctv, aneh ketemu juga model kaya gini di jogja",2,eri kembara,2024-06-02T08:30:03.194Z,Pulesari
tempat outbond atau gathering di turi fasilitasnya lengkap terdapat pendopo ada tracking ke sungai fasilitatornya ramah dan selalu sigap mendampingi makanannya enak dan tempat parkirnya luas,"Tempat outbond atau gathering di Turi. Fasilitasnya lengkap, terdapat pendopo, ada tracking ke sungai, fasilitatornya ramah dan selalu sigap mendampingi, makanannya enak, dan tempat parkirnya luas.",4,Nurrohma Ningrum,2024-05-28T10:45:12.299Z,Pulesari
kemarin habis dari sana maaf bgt harus bilang kalau tempat istirahat nya kurang nyaman kotor kaya gak di sapu banyak sarang laba laba nya di genteng knp gak di bersihkan dulu tiker kotor kamar mandi kotor bau pesing bgt makanan hambar tolong di perbaiki semuanya,"kemarin habis dari sana, maaf bgt harus bilang kalau tempat istirahat nya kurang nyaman, kotor, kaya gak di sapu, banyak sarang laba-laba nya di genteng knp gak di bersihkan dulu, tiker kotor, kamar mandi kotor bau pesing bgt, makanan hambar, tolong di perbaiki semuanya",3,Widi Navita sari,2024-05-22T07:04:29.358Z,Pulesari
cukup bagus banyak varian paket utk acara outbond dan refreshing edukasi harga murah dg vasilitas snak pemandu dan berakhir makan siang mushola tempat wudhu bagus rapi cukuo bersih l,Cukup bagus banyak  varian paket utk acara outbond dan refreshing  edukasi..harga murah dg vasilitas snak  pemandu dan berakhir makan siang ..mushola tempat wudhu bagus rapi cukuo bersih...l,5,UMMAH Griya Sehat Cantik Muslimah (GSCM),2024-05-15T21:37:24.791Z,Pulesari
3 4 mei 2024 kami ada event di sini untuk penginapannya kamarnya bersih dan nyaman untuk pelayanan baik seru banget buat acara makrab kampus atau karya wisata ada sesi susur sungai dan ice breaking satu hal yang sesikit minus di taste rasa makanan sayuran yg disugukan adalah sayur khas desa banget dan aku paling suka makanan khas pedesaan dan ekspektasi saya rasanya bakalan enak banget seperti sayur lodeh maupun sayur daun singkong namun 3 kali makan rasa sayurannya hambar banget jadi kedepan untuk bagian konsumsi memperbaiki rasa sayurannya supaya seimbang antara fasilitas dan juga penyajian makanannya,"3-4 mei 2024 kami ada event di sini, untuk penginapannya kamarnya bersih dan nyaman. Untuk pelayanan baik,seru banget buat acara makrab kampus atau karya wisata, ada sesi susur sungai dan ice breaking. Satu hal yang sesikit minus di taste/rasa makanan. Sayuran yg disugukan adalah sayur khas desa banget dan aku paling suka makanan khas pedesaan, dan ekspektasi saya rasanya bakalan enak banget seperti sayur lodeh maupun sayur daun singkong. Namun 3 kali makan, rasa sayurannya hambar banget, jadi kedepan untuk bagian konsumsi memperbaiki rasa sayurannya, supaya  seimbang antara fasilitas dan juga penyajian makanannya",5,rindi astika yuliana,2024-05-12T20:22:49.572Z,Pulesari
desa wisata yang sangat asri bersih dan indah dengan udara yang sejuk di lereng gunung merapi menyajikan wisata alam nuansa pedesaan di kelilingi perkebunan salak pondok dan berbagai wahana permainan dan pendidikan,"Desa wisata yang sangat asri bersih dan indah, dengan udara yang sejuk di lereng gunung merapi menyajikan wisata alam nuansa pedesaan di kelilingi perkebunan salak pondok dan berbagai wahana permainan dan pendidikan.",5,Vika naura Isnaini,2024-05-10T07:54:31.191Z,Pulesari
desa wisata banyak pohon salaknya tempatnya luas sejuk nyaman banyak wahana untuk outbound tracking sungai dll ada pemandunya juga kebersihannya terjaga seruu deh pokoknya,"Desa Wisata, banyak pohon salaknya, tempatnya luas,sejuk, nyaman, banyak wahana untuk outbound,tracking sungai dll,ada pemandunya juga,  kebersihannya terjaga, seruu deh pokoknya.",5,Dwiki Aprilianto,2024-05-07T17:18:19.546Z,Pulesari
sangat menyenangkan saya kesana dalam rangka jalan2 karyawan disana melakukan kegiatan outbond dan lain lain,"Sangat menyenangkan, saya kesana dalam rangka jalan2 karyawan. Disana melakukan kegiatan outbond dan lain lain.",5,Ronal Dallas,2024-03-13T09:30:07.427Z,Pulesari
outbond disini seru dan bisa refresh,Outbond disini seru dan bisa refresh,4,Istiqomah Nugroho,2024-03-10T12:05:54.819Z,Pulesari
desa yg bersih dgn pemandangan kebun salak lahan parkir jika person ingin berjalan2 warung makan sepertinya tidak ada,"Desa yg bersih dgn pemandangan kebun salak.
Lahan parkir jika person ingin berjalan2 & warung makan sepertinya tidak ada.",4,happy day,2024-03-01T23:25:29.991Z,Pulesari
terlalu pelosok dan serem kalau jalan malam,Terlalu pelosok dan serem kalau jalan malam,2,Faridz Raya,2024-02-16T06:55:55.120Z,Pulesari
tempat untuk rekreasi sambil beredukasi dan menyatu dengan alam,tempat untuk rekreasi sambil beredukasi dan menyatu dengan alam,5,Mahasti adityasari,2024-02-12T03:29:51.156Z,Pulesari
sangat menyenangkan diawali dengan tim dari pokdarwis yang sangat lucu mengawali dengan ice breaking yang bikin terbahak bahak bahagia tempat outbond yang asyik berbagai macam permainan yang menantang dilanjutkan susur sungai dengan suasana alam yg adem dan menyejukkan dengan aliran sungai yang segar di tengah perkebunan salak benar benar refresing,"Sangat menyenangkan.. Diawali dengan tim dari Pokdarwis yang sangat lucu, mengawali dengan ice breaking yang bikin terbahak-bahak bahagia.. Tempat outbond yang asyik, berbagai macam  permainan yang menantang, dilanjutkan susur sungai dengan suasana alam yg adem dan menyejukkan dengan aliran sungai yang segar di tengah perkebunan salak. Benar-benar refresing.",5,Rosa Fitriana,2024-02-03T15:05:22.877Z,Pulesari
tempat untuk outbound yg bagusss tempatnya asri airnya jernih mantapppp,"Tempat untuk outbound yg bagusss, tempatnya asri, airnya jernih. Mantapppp",5,AYUNDHA NURHAYATI,2024-02-02T00:53:30.320Z,Pulesari
tempatnya asri serta kebersihannya terjaga alami air sungainya pun dari sumber jd masih jernih wahana outbound susur sungainya mantab seru dan aman pokoknya,Tempatnya asri serta kebersihannya terjaga alami. Air sungainya pun dari sumber jd masih jernih. Wahana outbound susur sungainya mantab. Seru dan aman pokoknya.,5,Nikolas Caristra,2024-01-29T08:36:52.124Z,Pulesari
tempat yg asik buat keluarga dan rombongan out bound,"Tempat yg asik buat keluarga dan rombongan, out bound",5,Medi Ipung Chanel,2024-01-26T12:54:07.811Z,Pulesari
parah parah saran saya kalau mau main air susur sungai silahkan kesini not badlah tapi masih lebih bagus di plo ku ng tapi kalau mau outbond kekompakan tim jangan disini belum mumpuni untuk timnya kecuali anda bawa tim trainer outbond sendiri dari awal sepertinya sudah membuat esmosi kontak person tidak responsif kami rombongan datang ber 200 orang juga didiamkan saja ibaratnya tamu mestinya tuan rumah juga ada iki jian tenanan suwung sampe ahirnya dateng yg katanya trainer 1 orang duduk ngliatin doang wkkk trus dateng lagi 1 org dan crew magang trainer yg datang pertama langsung pergi trainer 1 dan crew nya ngisi ice breaking tok mungkin kurang mumpuni kalo untuk outbond kekompakan tim intine ra gercep kurang servisny selesai pun kami yang menghandle sendiri semoga bisa berbenah lagi utk tim dewipule,"Parah.. Parah...
Saran saya, kalau mau main air susur sungai silahkan kesini not badlah, tapi masih lebih bagus di Plo**Ku**ng
Tapi kalau mau outbond kekompakan tim jangan disini..belum mumpuni untuk timnya, kecuali anda bawa tim trainer outbond sendiri.

dari awal sepertinya sudah membuat esmosi... Kontak person tidak responsif,
kami rombongan datang ber 200 orang juga didiamkan saja..ibaratnya tamu mestinya tuan rumah juga ada.. Iki jian tenanan suwung.
Sampe ahirnya dateng (yg katanya trainer) 1 orang.. Duduk ngliatin doang Wkkk
Trus dateng lagi 1 org dan crew magang .. Trainer yg datang pertama langsung pergi..
Trainer 1 dan crew nya ngisi ice breaking  tok, mungkin kurang mumpuni kalo untuk outbond kekompakan tim..
Intine ra gercep. Kurang servisny.
Selesai pun kami yang menghandle sendiri..Semoga bisa berbenah lagi utk tim dewipule.",1,Teti Nurjanah,2024-01-17T22:07:34.183Z,Pulesari
sering kami pakai untuk outbond ya lumayan asik tempatnya yang penting tetap dirawat diremajakan dan terus diberdayakan untuk selalu jd lokasi outbond yang keren,"Sering kami pakai untuk outbond. Ya lumayan asik tempatnya. Yang penting tetap dirawat, diremajakan, dan terus diberdayakan untuk selalu jd lokasi outbond yang keren.",5,Bee Dabelyu,2024-01-17T09:51:26.734Z,Pulesari
permainan menarik cuma kamar mandi kurang bersih admin tolong d steril kan lagi kamar mandi nya,"Permainan menarik, cuma kamar mandi kurang bersih... admin tolong d steril kan lagi kamar mandi nya..",4,Mudah Kalak,2024-01-16T10:12:55.927Z,Pulesari
tempat outbond yang seru,Tempat outbond yang seru,5,Erika,2024-01-01T11:31:52.788Z,Pulesari
desa wisata di wilayah sleman yogyakarta yg dukelola dg sangat baik dan teroadu bisa untuk arena outbond yg menyenangkan dg menyusuri sungai kecil dg jln kaki cocok utk tua muda dan anak2 ken treckibg aman sebaiknya reservasi utk ketersediaan tempat,"Desa wisata di wilayah Sleman Yogyakarta yg dukelola dg sangat baik dan teroadu.
Bisa untuk arena outbond yg menyenangkan , dg menyusuri sungai kecil dg jln kaki. Cocok utk tua, muda dan anak2 ken treckibg aman.
Sebaiknya reservasi utk ketersediaan tempat.",5,Rina,2023-12-30T13:09:22.392Z,Pulesari
yang mau outbond paket komplit desa wisata pulesari pilihannya sangat rekomendasi banget dengan paket yang murah pelayanan yang maksimal,"Yang mau outbond paket komplit, Desa Wisata Pulesari pilihannya. Sangat rekomendasi banget, dengan paket yang murah pelayanan yang maksimal.",5,Hotel Reservasi 9 Kota,2023-12-28T07:55:33.330Z,Pulesari
harga dibanding dengan desa wisata sekitar paling tinggi tapi tidak juga lebih baik terutama dipelayanan dan sikap beberapa pengelolaan ketika pelayanan dilapangan karena pelayanan itu utama jadi harus diutamakan karena pasar itu selalu berubah dan berkembang saya kasih bintang 1 dulu biar untuk evaluasi dan membuat pelayanan lebih baik dari segi apapun,"Harga dibanding dengan desa wisata sekitar paling tinggi tapi tidak juga lebih baik, terutama dipelayanan dan sikap beberapa pengelolaan ketika pelayanan dilapangan,

Karena pelayanan itu utama ,, jadi harus diutamakan karena Pasar itu selalu berubah dan berkembang,,, saya kasih bintang 1 dulu biar untuk evaluasi dan membuat pelayanan lebih baik dari segi apapun ,,",1,fajar purnomo,2023-12-21T22:53:11.857Z,Pulesari
sumber daya alam super oke namun sumber daya manusianya super amat sangat kurang tatacara baik dlm hal kompromi dan pelayanan jasa usaha cukup sekian dan tidak lagi lagi,"sumber daya alam super oke namun sumber daya manusianya super amat sangat kurang tatacara, baik dlm hal kompromi dan pelayanan jasa usaha. Cukup sekian dan tidak lagi-lagi 👌🙃",1,Vitria Tito,2023-12-21T14:37:17.206Z,Pulesari
dewi pulesari di daerah turi tempatnya luas banyak wahana untuk outbound ada pemandu wisatanya juga fasilitasnya ada tracking sungai jembatan goyang wisata kebun dan lain lainnya staff ramah cocok untuk digunakan outing class kantor ataupun acara lainnya harga ada yg paketan dengan fasilitas yg tersedia,"DeWi Pulesari di daerah Turi, tempatnya luas, banyak wahana untuk outbound, ada pemandu wisatanya juga. Fasilitasnya ada tracking sungai, jembatan goyang, wisata kebun dan lain-lainnya. Staff ramah. Cocok untuk digunakan outing class, kantor ataupun acara lainnya. Harga ada yg paketan dengan fasilitas yg tersedia.",4,Isna,2023-12-21T10:22:32.259Z,Pulesari
desa wisata daerah turi sleman cocok utk outbond juga,"Desa wisata daerah Turi, Sleman, cocok utk outbond juga",5,Istiyanto Dirdjo,2023-12-21T04:10:16.999Z,Pulesari
tempat outbound yang oke terutama susur sungai yg mantap benar2 melatih keberanian tanggung jawab kebersamaan peduli sesama pas musim salak juuoss lokasi suejuk nyaman warga yg mendukung,"tempat outbound yang oke.. terutama susur sungai yg mantap, benar2 melatih keberanian, tanggung jawab, kebersamaan, peduli sesama, pas musim salak.. juuoss.. lokasi suejuk, nyaman. warga yg mendukung..",4,Ari Setyawan,2023-12-19T13:25:35.029Z,Pulesari
tempat nya bagus kamar mandi bersih disediakan beberapa pendopo untuk menampung beberapa kelompok wisatawan fasilitas lengkap permainannya banyak dan sangat asik tapi pemandu sangat kurang baik dalam menjalankan tugas pemandu tidak komunikatif tidak dijelaskan apa yg harus dilakukan untuk safety permainan tidak dijelaskan apa yg tidak boleh dilakukan tidak dijelaskan bagaimana step by step cara melewati tracking sungai yg ada beberapa rintangan pemandu juga tidak membawa perlengkapan apapun saat mendampingi tracking sungai tidak membawa beberapa perlengkapan yang mungkin di butuhkan wisatawan saat ada hal yg tidak diinginkan terjadi sayang sekali tempat sebagus ini pemandunya kurang baik dalam menjalankan tugas sepertinya butuh diberi training agar dapat meningkatkan kualitas dan memberikan pelayanan yg lebih baik untuk pengunjung,"Tempat nya bagus, kamar mandi bersih, disediakan beberapa pendopo untuk menampung beberapa kelompok wisatawan, fasilitas lengkap, permainannya banyak dan sangat asik.
Tapi, pemandu sangat kurang baik dalam menjalankan tugas 🙂
Pemandu tidak komunikatif, tidak dijelaskan apa yg harus dilakukan untuk safety permainan, tidak dijelaskan apa yg tidak boleh dilakukan, tidak dijelaskan bagaimana step by step cara melewati tracking sungai yg ada beberapa rintangan. Pemandu juga tidak membawa perlengkapan apapun saat mendampingi tracking sungai, tidak membawa beberapa perlengkapan yang mungkin di butuhkan wisatawan saat ada hal yg tidak diinginkan terjadi.
Sayang sekali tempat sebagus ini pemandunya kurang baik dalam menjalankan tugas. Sepertinya butuh diberi training agar dapat meningkatkan kualitas dan memberikan pelayanan yg lebih baik untuk pengunjung🙂",2,Wahyu Anafiah,2023-12-10T10:56:47.409Z,Pulesari
dapet toiletnya gak nyaman karena banjir dan kotor overall okelah harga murah juga,Dapet toiletnya gak nyaman karena banjir dan kotor. Overall okelah harga murah juga.,3,Fauziah Nurhasanah,2023-12-06T04:38:12.784Z,Pulesari
banyak spot dan pendopo yang bisa di booking untuk acara gathering makrab dll ada wisata petik salak outbound susur sungai dll paket lengkap,"Banyak spot dan pendopo yang bisa di booking untuk acara gathering, makrab dll..
Ada wisata petik salak
Outbound, susur sungai dll
Paket lengkap",4,endah rena,2023-12-03T06:50:54.147Z,Pulesari
tempat nya bagus spot nya luas ada out bond dan banyak pendopo,Tempat nya bagus spot nya luas ada out bond dan banyak pendopo,5,Putra Ageng,2023-12-03T05:47:43.962Z,Pulesari
tempatnya sejuk nyaman cocok buat kegiatan d luar rumah outbond atw yg ingin menikmati alam pedesaan org2 eo nya juga ramah2 kocak2 makanannya mungkin requat ya kmren itu enak sayur lodeh ayam goreng peyek teri rebin mantap,"Tempatnya sejuk, nyaman, cocok buat kegiatan d luar rumah/outbond atw yg ingin menikmati alam pedesaan.org2 eo nya juga ramah2 kocak2..makanannya mungkin requat ya.. Kmren itu enak, sayur lodeh, ayam goreng, peyek teri/rebin..mantap.",5,Neneng Eha,2023-11-25T03:08:31.071Z,Pulesari
bisa booking lewat wa dan bayar dp bisa transfer tempatnya luas ada beberapa pendopo tidak hanya untuk outbound saja juga bisa untuk menginap,"Bisa booking lewat WA dan bayar DP bisa transfer. Tempatnya luas ada beberapa pendopo, tidak hanya untuk outbound saja juga bisa untuk menginap.",5,Khasna Nurlita,2023-11-19T11:31:56.114Z,Pulesari
tempat outbound yang cukup bagus parkir luas thx u,"Tempat outbound yang cukup bagus,parkir luas thx u",5,Dwi Rubiyanto,2023-11-12T13:27:37.804Z,Pulesari
bagus banget tempatnya masyarakatnya juga sangat ramah pengelola tempat wisata juga sangat bertanggung jawab kalau misalnya ada yang sakit di bantuin kegiatan mahasiswa,"Bagus banget tempatnya,  masyarakatnya juga sangat ramah. Pengelola tempat wisata juga sangat bertanggung jawab kalau misalnya ada yang sakit di bantuin (kegiatan mahasiswa)",5,Resmi Timumun,2023-11-06T13:24:43.945Z,Pulesari
lokasi mudah ditemukan meski jalannya berliku pelayanan ramah menu makanan cukuplah untuk standart kocek paket yg kami keluarkan,"Lokasi mudah ditemukan, meski jalannya berliku. Pelayanan ramah. Menu makanan cukuplah untuk standart kocek paket yg kami keluarkan.",4,Anisah Srahmah,2023-11-04T10:03:08.234Z,Pulesari
lumayan bagus sayang belum tertata dg rapi wahana supaya ditambah krn kelihatan sdh usang alangkah baiknya sdh memenuhi standar keselmatan dr badan yg berwenang dinas parowosata kab sleman dan sdh ber isn terima kasih,"Lumayan bagus
Sayang belum tertata dg rapi
wahana supaya ditambah krn kelihatan sdh usang
alangkah baiknya sdh memenuhi standar keselmatan dr badan yg berwenang, Dinas pArowosata Kab. sleman dan sdh ber ISN
Terima kasih",4,Heru Sudiyatmaka,2023-11-03T00:35:11.168Z,Pulesari
salah satu desa wisata yang cukup bagus penataan lokasi yang baik cukup bersih lokasi outbond di sungai yang sangat asri trainner outbond yang interaktif,"Salah satu desa wisata yang cukup bagus, penataan lokasi yang baik, cukup bersih, lokasi outbond di sungai yang sangat asri, trainner outbond yang interaktif",4,Ardhi Thyo - Arkana Tour Wonosari,2023-10-29T14:13:30.872Z,Pulesari
pemandu sangat tidak ramah,Pemandu sangat tidak ramah,1,Ridho Hermansyah,2023-10-23T05:17:44.726Z,Pulesari
pemandu sangat tidak ramah dan kurang profesional mungkin bisa di tingkatkan lagi untuk pelayanannya,"Pemandu sangat tidak ramah dan kurang profesional, mungkin bisa di tingkatkan lagi untuk pelayanannya",1,MUHAMAD CATUR EXSANUDIN,2023-10-23T04:45:07.858Z,Pulesari
tempat nyaman pengurusnya ramah cocok untuk acara kantor,"tempat nyaman, pengurusnya ramah, cocok untuk acara kantor",5,ariyanto nugroho,2023-10-15T21:53:57.572Z,Pulesari
kompak warganya asri desanya buanyak dan seru permainan nya ada outbond budaya alam kuliner tinggal pilih sehat2 selalu buat pengelolanya,"Kompak warganya, asri desanya, buanyak dan seru permainan nya, ada outbond, budaya, alam, kuliner, tinggal pilih... Sehat2 selalu buat pengelolanya",4,ARCLINE SOKHAMADZ,2023-10-06T02:44:49.264Z,Pulesari
tempat outbond yang seruuu bisa susur sungai juga tempatnya luassss pendoponya banyakk banyak toilet juga di rumah warga cocok buat rombongan bus parkirnya uuga luas makanan disini yang masak buibu dasawisma gitu keren banget bisa jadi desa wisata kalau mau beli oleh oleh biasanya ada yang jual masyarakat sekitar salak jadi andalan kemarin beli 1 kg 7 ribu salak pondoh biasa yang salak pondoh madu 10 ribu pinter nawar aja sii sama penjualnyaa,"Tempat outbond yang seruuu. Bisa susur sungai juga. Tempatnya luassss pendoponya banyakk. Banyak toilet juga di rumah warga.

Cocok buat rombongan bus. Parkirnya uuga luas. Makanan disini yang masak buibu dasawisma gitu, keren banget bisa jadi desa wisata.

Kalau mau beli oleh-oleh biasanya ada yang jual masyarakat sekitar. Salak jadi andalan, kemarin beli 1 kg 7 ribu salak pondoh biasa, yang salak pondoh madu 10 ribu. Pinter nawar aja sii sama penjualnyaa.",5,Iin Nurmalia,2023-10-04T12:27:38.406Z,Pulesari
selalu sedia air putih ya teman teman karena capeknya tidak kerasa karena full permainan air tau tau kering ni tenggorokan,"Selalu sedia air putih ya teman teman, karena capeknya tidak kerasa, karena full permainan air, tau tau kering ni tenggorokan.",4,Ulfa Mulya,2023-10-01T12:26:38.905Z,Pulesari
sangat tidak memuaskan dari model rute perjalanan susur sungai nya aliran sungai yang sangat kotor sisi kanan kiri juga ada getah kuning yang keluar entah dari mana asalnya tour guide nya tidak ramah sama sekali pengarahan yang disampaikan tidak informatif semua disuruh mandiri dari segi fasilitas juga tidak memuaskan kedepannya kalau memang mau membuat desa wisata alangkah lebih baiknya di perhatikan kondisi alam sekitar juga dan jangan asal memanfaatkan terlalu berlebihan,"sangat tidak memuaskan, dari model rute perjalanan susur sungai nya, aliran sungai yang sangat kotor, sisi kanan kiri juga ada getah kuning yang keluar entah dari mana asalnya, tour guide nya tidak ramah sama sekali, pengarahan yang disampaikan tidak informatif semua disuruh mandiri, dari segi fasilitas juga tidak memuaskan, kedepannya kalau memang mau membuat desa wisata alangkah lebih baiknya di perhatikan kondisi alam sekitar juga, dan jangan asal memanfaatkan terlalu berlebihan",1,Galang Bayu Darmawan,2023-10-01T06:06:41.773Z,Pulesari
tempat outbond yg seruu tp sayang tdk ada warung makan yg nyaman,"Tempat outbond yg seruu.....
Tp sayang tdk ada warung makan yg nyaman.",5,Noor Dwiastuti,2023-09-17T08:52:32.728Z,Pulesari
hari sabtu lumayan ramai pengunjung akses jalan lumayan macet kalau all pake mobil,"Hari sabtu lumayan ramai pengunjung, akses jalan lumayan macet kalau all pake mobil",4,Mastery Chanel,2023-09-07T07:04:54.396Z,Pulesari
bagus sangat alami wahana dan fasilitas okeeee semuaa,"Bagus, sangat alami. Wahana dan fasilitas okeeee semuaa",5,Fema Anindita,2023-09-06T15:54:18.797Z,Pulesari
dulu sempat main ke sini lokasi asik buat bangun pagi lihat merapi disediakan tempat buat main api malam2 dan terapi ikan airnya seger khas pegunungan,"Dulu sempat main ke sini
Lokasi asik buat bangun pagi lihat Merapi
Disediakan tempat buat main api malam2 dan terapi ikan
Airnya seger khas pegunungan",5,danyhari wiranto,2023-09-05T17:35:54.830Z,Pulesari
tempatnya sering buat event event ada tempat untuk outbond2,Tempatnya sering buat event-event. Ada tempat untuk outbond2,4,Annisa Nur Purnama Sari,2023-09-04T01:19:52.519Z,Pulesari
