review_text,rating,author,date,nama desa wisata,provinsi
Nice to visited and know how the Indonesia people live and the culture. The ticket it’s with contributions money (optional),5,juan evangelisti,2026-05-05T10:11:12.079Z,Desa Sade,Nusa Tenggara Barat
"Masuk sini bayar sukarela dan ada guide org asli suku sasak, kasih tips sukarela jga. Belajar menenun, lalu mendengar kisah suku sasak dan tradisinya. Good place to visit! Jangan lupa belo oleh-oleh di sini.",5,Cresentiana Wulandari,2026-05-04T12:17:39.711Z,Desa Sade,Nusa Tenggara Barat
"Beautiful village they showed their traditions and culture.
We can buy handwoven shawls etc and other souvenirs, you can bargain to reduce the price of the goods.",5,AROMAL M,2026-05-03T23:44:12.813Z,Desa Sade,Nusa Tenggara Barat
"Una estafa. Las casas son curiosas pero solo es una atracción turística donde te cobran hasta por respirar, y lo que venden lo puedes encontrar en sitios turísticos como kuta (0 artesanal). Con lo bonita y auténtica que es la isla esto me pareció una pérdida de tiempo",1,Maria Maria,2026-05-03T18:31:52.837Z,Desa Sade,Nusa Tenggara Barat
Typical trap for tourist.  Overpriced shops where they pretend to make blankets but actually all of it they bough online and sell you with x10 price,1,George,2026-05-03T09:46:17.259Z,Desa Sade,Nusa Tenggara Barat
"Il s’agit d’un village à découvrir sur Lombok. Tu dois prendre un guide à l’entrée. C’est très touristique,  on t'interpelle pour que tu achètes,  mais dans l'ensemble, les personnes n'insistent pas trop.  C’est à voir. Tu laisses un pourboire du montant qui te convient au guide.",4,Zikette,2026-05-03T08:25:27.690Z,Desa Sade,Nusa Tenggara Barat
Suku Sade adalah orang2 dari Jawa kuno tepatnya Majapahit Jawa timur bahasa yang sangat mirip adalah Sugeng rawuh orangnya ramah2 asik untuk dikunjungi kembali tidak pernah kecewa di Lombok i love you Lombok,5,hasan m,2026-05-02T01:09:45.316Z,Desa Sade,Nusa Tenggara Barat
Pemandunya baik,5,asti non,2026-05-02T00:48:17.095Z,Desa Sade,Nusa Tenggara Barat
Just an outdoors shopping mall,3,Ignacio Larralde,2026-05-01T07:53:00.135Z,Desa Sade,Nusa Tenggara Barat
Me gustó conocer el pueblo y ver las casas por dentro. Fue como viajar al pasado por un segundo pero se siente extraño que a la entrada viene un señor que te dice que no puedes entrar sin acompañamiento de alguien del pueblo y te dice lo primero que cuando le pagues el dinero es para la comunidad. (Advirtiéndote ya que le tienes que pagar al salir) Te lleva casi de la mano y te va llevando por todos los puestos para que compres a las mujeres que tienen las tiendas dentro. Te cuenta algún detalle del pueblo y demás pero al salir sientes que a lo que has ido es a comprar y a darle la propina al guía. No sé yo…,2,Patricia Brog,2026-04-30T09:33:13.538Z,Desa Sade,Nusa Tenggara Barat
Got the grand tour.  Enjoyed the day there. Met a few wonderful Sasak people and their unique way of life. Very much worth the time to visit.,5,dominic sabatino,2026-04-29T14:30:29.834Z,Desa Sade,Nusa Tenggara Barat
Traditional village..,5,Edward Kurnia,2026-04-29T11:05:14.731Z,Desa Sade,Nusa Tenggara Barat
"Most people tend to miss this place, but we had such a great experience here. You’ll need to get a guide at the entrance, and it’s definitely worth tipping them at the end they’re incredibly knowledgeable and helpful. Inside the village, you’ll find so many unique pieces of art. Highly recommend checking it out!",5,Kristina Trabalikova,2026-04-27T03:20:23.376Z,Desa Sade,Nusa Tenggara Barat
I drove out there on my scooter w/o a plan and somebody just walked up to me from the village and showed me around.  He was extremely nice and did a great job showing me around.  I ended up buying some fabrics for my wife and was encouraged to barter for the best bargain.  Not something I normally do :) definitely worth visiting,5,Luis Ulloa,2026-04-26T09:28:22.077Z,Desa Sade,Nusa Tenggara Barat
"I never thought because this was the first time I visited Sade village,it turned out to be big and had to walk uphill,all the knick-knacks they sell are handmade by the village,even the colors used to dye the threads are still natural and the color combination is very good, even the results are very,very good💯❤️",5,Carmen Weezeman,2026-04-26T07:43:20.506Z,Desa Sade,Nusa Tenggara Barat
The village has a unique history. It’s not just about the destination but how the heritage of the culture still remain exist and become a key point to visit this place. We bought a souvenirs here,5,Adi Wirawan,2026-04-26T04:32:50.148Z,Desa Sade,Nusa Tenggara Barat
"Typical tourist trap, the whole vibe is about making you purchase their items. Guide is mandatory and you can pay whatever you want in the end. The town doesn't feel authentic. Would not recommend.",1,Joram de Rijk,2026-04-25T05:33:45.190Z,Desa Sade,Nusa Tenggara Barat
"Desa yang masih sangat terjaga keasliannya. Paling berkesan dengan keramahan warga lokalnya yang tidak segan berbagi cerita tentang tradisi mereka, Suasananya tenang dan edukatif bagi yang ingin tahu budaya asli suku Sasak, warganya ramah-ramah dan jago menenun dan melihat proses pembuatan kain tenun secara tradisional dan juga jangan lupa beli suvenir di sini untuk mendukung ekonomi warga setempat!🥰",5,Baiq Lisa,2026-04-25T03:55:52.399Z,Desa Sade,Nusa Tenggara Barat
One of beautiful beach in Lombok. Very clean beach and beautiful scenery,5,Sulistiyo Andayaningrum,2026-04-25T03:49:18.441Z,Desa Sade,Nusa Tenggara Barat
"Bagus
Perlu Perawatan lagi",4,Jidan Satria Utama,2026-04-24T18:29:24.049Z,Desa Sade,Nusa Tenggara Barat
"A few days ago, my friends and I visited Sade Village, and it turned out to be such a meaningful experience. We got the chance to learn how traditional weaving is done, and it really gave us a deeper appreciation for the craftsmanship and patience behind it.

The village itself is beautiful in its own way, with many unique spots that are perfect for capturing special moments. It feels authentic and well-preserved, which makes the visit even more memorable.

What truly stood out the most was how warm and welcoming the locals were. Everyone we met was incredibly kind and open to sharing their culture with us. It didn’t feel like just a visit, but more like being genuinely received as guests.

Overall, it’s a place I’d definitely recommend if you want to experience a piece of local culture in a simple yet meaningful way in Lombok>,<",5,Gyᬕᬶ,2026-04-24T08:47:28.421Z,Desa Sade,Nusa Tenggara Barat
"tiket masuk seikhlasnya, bisa sewa pakaian adat tp saat itu aku ga sewa",5,Fitri Indriani,2026-04-23T16:37:20.191Z,Desa Sade,Nusa Tenggara Barat
"Ha sido muy mala experiencia. Es totalmente un negocio y la sensación que da es que tienen a las mujeres como si fueran escaparates. Además conforme aparcas la moto tienes gente que te sigue para hacerte de guía que después al finalizar tienes que dar propina.
Sin duda no recomiendo nada esta experiencia.",1,Andrea Rodriguez,2026-04-23T13:51:21.548Z,Desa Sade,Nusa Tenggara Barat
"Sade Village in Lombok is a truly unique cultural experience that gives you a glimpse into the traditional Sasak way of life. The village is well-preserved, and you can see authentic houses made from natural materials, along with locals still practicing age-old customs and crafts.

One of the highlights is watching the women weave beautiful textiles by hand—it’s impressive to see the skill and patience involved. The guides are friendly and knowledgeable, explaining the history, traditions, and daily life in a way that’s easy to understand.

The atmosphere feels genuine rather than overly commercial, although there are opportunities to buy handmade souvenirs directly from the locals, which is a nice way to support the community.

Overall, Sade Village is a great place to learn about Lombok’s cultural heritage. It’s worth a visit if you’re interested in history, traditions, and local craftsmanship. Just remember to be respectful, as this is a living village, not just a tourist attraction.",5,nina nindya,2026-04-23T06:31:08.254Z,Desa Sade,Nusa Tenggara Barat
Turistada,1,Chirag Lg,2026-04-23T03:51:05.126Z,Desa Sade,Nusa Tenggara Barat
"Desa Sade adalah destinasi wisata budaya yang sangat luar biasa. Di sini kita bisa melihat langsung kehidupan masyarakat Suku Sasak yang masih menjaga adat dan tradisi leluhur dengan sangat baik. Rumah adatnya unik, bersih, dan penuh nilai sejarah. Warganya ramah, komunikatif, dan dengan senang hati menjelaskan budaya, tenun khas, serta kebiasaan sehari-hari mereka. Suasananya tenang dan autentik, cocok untuk wisata edukasi dan fotografi. Sangat direkomendasikan bagi siapa pun yang berkunjung ke Lombok.",5,Affan Fahreza Mahardhika,2026-04-23T02:39:29.070Z,Desa Sade,Nusa Tenggara Barat
Pelayanan cepat dan amanah,5,Danu m Billal (Billal),2026-04-22T07:21:16.281Z,Desa Sade,Nusa Tenggara Barat
"Деревня небольшая, но красивая. Впечатление испортили местные жители, которые сразу тебя облепляют и требуют денег якобы за экскурсию. К нам прилепился мужчина, который походил с нами минут 20, рассказал очень мало интересного на ломаном английском и потребовал 100 тысяч потом за «экскурсию».",4,Юлия Мишина,2026-04-22T03:13:55.150Z,Desa Sade,Nusa Tenggara Barat
"Sade Village – traditional Sasak village with authentic culture & handmade weaving, must visit in Lombok",5,Gili Fast and Fun,2026-04-21T10:20:16.650Z,Desa Sade,Nusa Tenggara Barat
Terjaga budaya dan tradisi desa sade,5,R.Ning Rum,2026-04-21T08:57:08.667Z,Desa Sade,Nusa Tenggara Barat
Feels a bit as a tourist trap. Very pushy guide.,3,Maartje,2026-04-21T03:27:15.837Z,Desa Sade,Nusa Tenggara Barat
Ramah warlok nya,5,Apenya Alpen,2026-04-20T14:17:47.261Z,Desa Sade,Nusa Tenggara Barat
"fist time,mantap sekali tempatnya untuk yang mau tahu tentang suku sasak ayo kesini,sangat recomended deh",5,NgaDia Nto,2026-04-20T02:30:20.244Z,Desa Sade,Nusa Tenggara Barat
"I love this place so much, so calm, peacf6, friendly people, and unique place..",5,Riri Keiko,2026-04-19T16:11:48.075Z,Desa Sade,Nusa Tenggara Barat
"Tourist trap, avoid
Also a bit dangerous to go there as my wife almost got tetanus from old nails",1,Güven,2026-04-19T07:46:22.313Z,Desa Sade,Nusa Tenggara Barat
"Schön gelegene Village, und eine sehr schöne Moschee.",5,Serkan Montenegro,2026-04-18T18:02:15.929Z,Desa Sade,Nusa Tenggara Barat
"warga lokal sangat ramah, tiket masuk bayar seikhlasnya, tersedia toilet dan tempat ibadah, suasana desa asli suku sasak",5,Sunset Hunter,2026-04-18T14:11:59.136Z,Desa Sade,Nusa Tenggara Barat
"Rumah tradisional sasak sade,melihat kerajinan tangan warga setempat dengan bangunan rumah tradisional dan menjual banyak oleh-oleh berupa kain, gelang dan kerajinan tangan warga. Dapat melihat juga atraksi dan kegiatan tradisional warga.",5,muhammad ilman,2026-04-18T06:49:17.717Z,Desa Sade,Nusa Tenggara Barat
Se passi da cuta vale la pena farci un salto,5,Lu,2026-04-17T07:17:49.661Z,Desa Sade,Nusa Tenggara Barat
"Le village traditionnel, expliqué par un Guide est vraiment sympathique, il permet de découvrir la culture",5,Martin Durand,2026-04-16T01:30:52.096Z,Desa Sade,Nusa Tenggara Barat
"Je m’attendais à  être solliciter  constamment  pour acheter. Alors peut être  que mon guide y était  pour quelque chose. Les informations  m’ont intéressé,  si vous êtes à  proximité,  je vous le conseille",4,Martial Creusot,2026-04-15T23:18:38.355Z,Desa Sade,Nusa Tenggara Barat
"Wisata kearifan lokal yang wajib dikunjungi kalau ke lombok. Tidak ada tiket masuk, hanya menyumbang untuk pemeliharan desa seikhlasnya. Harga souvenir juga sangat ramah di kantong.",5,elmyhaf,2026-04-14T22:57:39.568Z,Desa Sade,Nusa Tenggara Barat
"Sejuk, aman & damai",5,Muhammad tilar fredi yusuf,2026-04-14T13:34:27.664Z,Desa Sade,Nusa Tenggara Barat
"Bgs, indah, cantik desanya",5,endang sunaryani,2026-04-13T22:39:50.443Z,Desa Sade,Nusa Tenggara Barat
Desanya sangat cantik banget dan warganya juga ramah bangetttt,5,Epi Rahmawati,2026-04-13T10:55:21.904Z,Desa Sade,Nusa Tenggara Barat
"Pengalaman luar biasa dengan mengunjungi Sade Village,Dari kita masuk sudah di sambut para penduduk yg menjadi tour guide dan itu wajib, di situ kita di jelaskan  sejarah Sade sambil berkeliling dusun,tidak ada tiket masuk hanya memberikan kontribusi untuk pemeliharaan Sade seikhlasnnya. Kalian bisa sewa baju adat Sade untuk berfoto dan berkeliling sepuasnya dengan harga Rp. 20.000.Harga baju dan kain tenun khas  Sade mulai dari Rp. 120,000 sangat worth ituntukb buah tangan. Yuk ke Sade,dan nikmati budaya baru di sini.",5,Lusy Aron,2026-04-08T18:54:50.557Z,Desa Sade,Nusa Tenggara Barat
"Sambutan warganya ramah, aman, nyaman. Ada pertunjukan tari perang, kuliner dan souvenir, tersedia masjid dgn ornamen unik, diseberang jalan ada minimarket.",5,dedydicentro,2026-04-07T11:34:33.814Z,Desa Sade,Nusa Tenggara Barat
Tugu impian peturing,5,Putra Wiryawan,2026-04-07T09:49:34.881Z,Desa Sade,Nusa Tenggara Barat
Nice,5,Rosidin Ganteng,2026-04-07T02:22:05.253Z,Desa Sade,Nusa Tenggara Barat
Good place,5,Nur,2026-04-06T12:16:22.171Z,Desa Sade,Nusa Tenggara Barat
"Lugar comercializado al 100%. No puedes visitarlo por tu cuenta. Únicamente con un guía que te aborda desde que te bajas del coche, te invita a entrar y te explica que sin guía no se puede visitar. Todo lo que hay dentro del pueblo son casas con ropa o cualquier tipo de objeto para vender. Una pena que un lugar tan tradicional se haya convertido en un comercio de principio a fin. Eso sí, el guía hizo muy bien su trabajo y fue muy amable en todo momento.",1,Mikel Gonzalez,2026-04-06T11:51:14.389Z,Desa Sade,Nusa Tenggara Barat
masyaAllah keren sekali desanya,5,Aura Anindya,2026-04-04T14:21:40.615Z,Desa Sade,Nusa Tenggara Barat
"Lokasinya tepat di pinggir jalan raya jadi sangat mudah di cari.
Awal masuk kalian isi daftar tamu dan sumbangan sukarela dan ga ada paksaan juga harus memberi ya untuk masuk ke dalam.
Lalu akan guide lokal yang akan pandu kalian selama mengelilingi desa dengan memberikan sedikit penjelasan mengenai desa tersebut yang cukup unik dari tempat tinggal, mata pencaharian mereka dan perjodohan di desa tersebut

Guide lokalnya pun tidak meminta tarif tertentu ya, asalkan kalian iklas, di beri berapa pun mereka akan terima",5,Tannie Armi,2026-04-04T10:49:22.903Z,Desa Sade,Nusa Tenggara Barat
Bagus sekali tempat nyaman indah,5,Hedy Oyos,2026-04-02T15:33:50.715Z,Desa Sade,Nusa Tenggara Barat
"Pas incroyable, on sent que cest vraiment touristique et que le but de la visite est de vous faire consommer les produits artisanaux mais ce sont les même que l'on retrouve dans tous les commerces de la ville. Le point positif est la cérémonie à laquelle on a pu assisté en sortant.",3,Yasmina Plassard,2026-04-01T04:02:16.904Z,Desa Sade,Nusa Tenggara Barat
"Tempat bersejarah dengan penataan sangat baik.
Sampai di sana, kita akan ditemani oleh tour guide warga sekitar untuk memberikan cerita.
Wargannya sangat ramah.
Ada tempat penjualan kain dan hasil daerah setempat.",5,Wilvianto Anto,2026-03-31T11:27:51.620Z,Desa Sade,Nusa Tenggara Barat
"Desa yg masih mempertahankan adat dan budayanya, rumah rumahnya mempertahankan warisan leluhur, lokasi persis di pinggir jalan besar menuju ke mandalika, warga ramah",5,Arvi Rizky,2026-03-31T10:56:29.555Z,Desa Sade,Nusa Tenggara Barat
Agak tenang ga risi ga banyak yg nawarin gaet. Cuman belanja harus pintar2 nawar karna harganya nawarinnya tinggi2,5,Cici Widiyaningsih,2026-03-31T00:54:43.707Z,Desa Sade,Nusa Tenggara Barat
👍👍👍,4,Rifan Nafi,2026-03-29T22:02:56.519Z,Desa Sade,Nusa Tenggara Barat
Very fun!,5,H Vision,2026-03-29T07:07:33.865Z,Desa Sade,Nusa Tenggara Barat
"Tempatnya asri, tersedia oleh-oleh khas lombok terutama kain, rekomendasi buat kalian apalagi kalau rombongan👍🏻",5,H A F I,2026-03-27T00:13:56.719Z,Desa Sade,Nusa Tenggara Barat
"Desa adat tradisional khas suku Sasak, Lombok ini dihuni sekitar kurang lebih 100 an orang yang masih memiliki hubungan kekerabatan dekat atau masih keluarga besar. Desa ini uniknya menghasilkan produk tradisional khas suku Sasak seperti kain, selendang, aksesoris, baju, celana, kopi, dll. Di sana ada rumah adat yang cukup kuno/tua yang masih dijaga kelestariannya di mulai dari lantainya masih tanah yang dikeringkan, bentuk kamar tidur, dll. Recommended bagi Anda yang mencintai kebudayaan khas suku Sasak.",5,Yanto Ciu,2026-03-26T14:58:43.962Z,Desa Sade,Nusa Tenggara Barat
"Berkunjung di waktu siang, lumayan ramai juga.. baik wisatawan lokal maupun mancanegara.
Perlu di Lindungi, di Bina, di Kembangkan dan di Manfaatkan. pemerintah hanya sebagai Helikopter View saja. Biarkan masyarakat adat Desa SADE yang berkarya sendiri, memajukan wisata Desa Budaya nya.",5,lalu haeruddin,2026-03-26T07:39:21.115Z,Desa Sade,Nusa Tenggara Barat
"As soon as you arrive a “guide” will approach you. He will say you can park your motorbike here and offer a tour of the village. If you mention price he will say free and mandatory but as other reviews suggest, this is not the case. You can accept if you like, but probably best to decide on a price first. We politely declined and walked into the village alone. You can sign your name in a book and leave a small donation. This is all that’s required. We walked around the village freely and didn’t feel any more hassled than normal. It’s interesting to see the old houses.",4,Elli,2026-03-25T14:19:48.699Z,Desa Sade,Nusa Tenggara Barat
"Desa sade adalah desa di daerah rembitan lombok tengah,suku sasak.masih menggunakan aturan adat.ada kepala suku nya.rumahnya juga masih tradisional.wajib berkunjung ke desa sade sasak.utk masuk kesana mengisi data tamu/daftar kunjungan.dengan membayar sukarela.dan biasanya diantar oleh salah satu warga asli desa sade sebagai tour gaet.dan utk biayanya juga sukarela.bnyk kerajinan tangan yg bisa dibeli.spt kain tenun,gelang,baju,kaos,jaket.clana dan macam2 kerajinan kearifan lokal lainya.namun tidak menjual makanan khas daerahnya.",5,Rudy Kadut,2026-03-24T12:45:25.723Z,Desa Sade,Nusa Tenggara Barat
"Al llegar nos ha cogido un hombre diciendo que es obligatorio entrar con guía local. Nos llevaba a tiendas específicas para que compraremos. Le he tenido que decir que no quería comprar nada. Al salir nos ha dicho que había que pagar 200.000 IDR dos personas (unos 10€). Nos ha costado más entrar que comer.
Ha durado 20 minutos escasos. El señor hablaba inglés justo. Le he dicho que porque nos cobraba eso, que lo normal eran 100k IDR. Ha empezado a decirnos solo que okay okay y dándonos como indicaciones parando el trafico como si quisiese que no sé enterase nadie.
Una mala experiencia.
No lo recomiendo para nada. Acosan para que compres en tiendas de dentro. Una pulsera fina de hilo 200k IDR.
Una cosa es que seamos europeos, otra idiotas.
Claro ejemplo de como cargarte el turismo.",1,Alba Garcia Lopez,2026-03-24T08:51:02.133Z,Desa Sade,Nusa Tenggara Barat
learn new things from the Sasak tribe regarding wedding customs,5,Anisa MS,2026-03-24T02:18:54.671Z,Desa Sade,Nusa Tenggara Barat
"Local tribe Sasak village, you can pay the local guide IDR 100.000 and they will guide you in english fluently",5,Xtian Hyd,2026-03-23T11:02:53.147Z,Desa Sade,Nusa Tenggara Barat
"Desa Adat Sade yang berada di Pulau Lombok
Masuk kesini bisa menggunakan Guide Lokal bayar seikhlasnya nanti kita dijelaskan apa saja yang ada di dalam Desa Sade beserta ditunjukkan kegiatan tenun.
Di dalam juga banyak warga lokal yang berjualan kaos, bajutenun, selendang, pernak pernik. Ada juga rumah di pel lantainya menggunakan kotor*n sapi/kerbau tapi tidak bau sama sekali.
Ada juga pohon jodoh/cinta konon ceritanya gadis sekitar jika janji atau ketemuan ancer ancernya ya di pohon itu makanya dinamakan pohon cinta/pohon jodoh",5,Finnegan Saputra,2026-03-23T08:41:23.386Z,Desa Sade,Nusa Tenggara Barat
Sebelum masuk sudah ada guide yang siap memandu. Bayar seikhhlasnya.,4,Kartika Purnamasari,2026-03-23T07:09:52.249Z,Desa Sade,Nusa Tenggara Barat
"Salah satu tempat yang wajib dikunjungi kalau ke lombok. pengalaman yang gak akan dilupain. Rumahnya masih benar benar desa banget.
Tiket parkir :  3000
Biaya guide : seikhlas nya
Souvenir yang ada disini sebenernya dijual juga di tempat oleh oleh di mataram dengan harganya 50-70% lebih murah. Tapi kalau mau support desa ini bisa dibeli aja. masih oke harga nya",5,Christian,2026-03-23T04:08:42.198Z,Desa Sade,Nusa Tenggara Barat
Saya suka dengan fasilitas yang ditawarkan dan budget seikhlasnya. Cuman jangan kepancing marketing dagang baju adat aja hehe ^^,5,RENI APRILIA WAHDATUL JANNAH,2026-03-22T16:58:34.265Z,Desa Sade,Nusa Tenggara Barat
"Definitely worth the visit. Coming from the West it was very humbling to see how the people live in this village. We saw a cultural dance and music show. Toured the village and saw families in their daily, natural environment. They live so simple. Many handmade crafts available. The residents are so beautiful. Very happy and very appreciative. It was one of the high lights of our trip to Lembok.",5,Susan Beniflah,2026-03-19T19:53:23.479Z,Desa Sade,Nusa Tenggara Barat
"Gue mampir ke Sade Village, desa adat Sasak yang masih asli banget. Rumah-rumahnya unik, dinding dari anyaman bambu, lantai dari kotoran kerbau—iya, beneran! Masyarakatnya ramah, mereka nawarin tenun sambil cerita budaya. Pas lagi asyik foto-foto buat konten, gue buka HP—tau-tua * * * RAJAWIN * * * nyemprot rezeki. Langsung beli kain tenun buat oleh-oleh. Google: Rajawin",5,Melaney Ricardo,2026-03-19T10:56:18.908Z,Desa Sade,Nusa Tenggara Barat
Unique ...istimewa...,5,Rita Merbli,2026-03-19T10:52:22.981Z,Desa Sade,Nusa Tenggara Barat
Sungguh indah dan menarik,5,Jansper,2026-03-17T23:28:58.883Z,Desa Sade,Nusa Tenggara Barat
"Tempat kunjung para wisatawan tiap main ke lombok, orangnya ramah ramah, bisa sewa pakaian, masuknya pun seikhlas nya + ada tour nya juga",5,Kaia Kaffah,2026-03-17T13:30:43.369Z,Desa Sade,Nusa Tenggara Barat
Tempat yang sangat cocok untuk kebutuhan fotografi dengan tema adat atau budaya. Kebersihan juga terjaga dengan baik. Tempat ini dipenuhi bangunan tradisional. Sangat mudah untuk mendapatkan pakaian adat dan aksesorisnya disini.,5,Maula Sastaperkasa,2026-03-16T00:51:18.954Z,Desa Sade,Nusa Tenggara Barat
"Belun lengkap rasanya liburan ke Lombok ga mampir ke tempat tradisionalnya lombok. Melihat secara langsung kehidupan budaya suku sasak, mulai dari culture sampai kerajinan tangan khas desa sade.

Gada tiket masuk kesini, cuma bayar seikhlasnya. Untuk tempar parkiran disni terbatas. Untuk detail review bisa mampir ke youtube kita☺️",5,DAYA CHANNEL,2026-03-15T07:23:50.259Z,Desa Sade,Nusa Tenggara Barat
Schönes Museum,5,Edwin Stuarnik,2026-03-14T11:48:33.765Z,Desa Sade,Nusa Tenggara Barat
"Wir wurden von unserem Fahrer unter falschen Infos hergebracht und verstanden erst im Nachhinein, dass es eine riesige Verkaufsshow war und er zusätzlich seinen Anteil für unseren Besuch/Einkauf bekam. Wie viel von diesem Leben dort wirklich „authentisch“, handmade, whatever ist?! - Keine Ahnung. Es wirkte auf uns sehr stark wie für Touristen modelliert, um möglichst viel Geld rauszuholen. Für touristische Orte wahrscheinlich erwartbar, aber trotzdem erwähnenswert.

Was für uns besonders unangenehm an dem Besuch war, war die Reaktion unseres Guides, nachdem er uns zu seiner Frau mit einem Tücherladen gebracht hat. Wir hatten bereits zuvor mehrmals angekündigt, dass wir nur unserem Fahrer zu Liebe das Village angucken wollten. Als wir nach der Vorführung der Tücherproduktion am Stand nichts kaufen wollten, kippte die Stimmung direkt. Wir wurden stark unter Druck gesetzt ein Sarong Tuch für 400.000 IDR oder ein festeres Tuch (?) für 700.000 IDR zu kaufen. In Kuta haben wir den gleichen Sarong für 100.000 IDR bekommen. Ich meine, kann jeder für sich selbst entscheiden, ob es einem das Geld wert ist… aber just good to know. Unser Guide lies uns unterdessen wirklich nicht viel Spielraum nichts zu nehmen. Obwohl wir aus „Guten Willen“ was kleines genommen hatten, spürten wir, dass der Frust doch groß war, dass wir nicht für 1 Mio IDR zwei Tüchlein gekauft haben!!😭😂 Und so führte unser Guide uns schlecht gelaunt schnell noch durch die letzten Punkte im Dorf. Und BIG SUPRISE 🙌✨Am Ende zahlten wir nicht nur Geld für ein kleines Tüchlein, sondern der Guide machte uns argwöhnisch klar, er bekomme für die angekündigte kostenlose Tour weitere 100.000 IDR. 😂 Dafür bestand er sogar darauf vor dem Atm vor dem Dorf zu warten.

Also: ich habe mir nach dieser wunderbaren Erfahrung hier auch aus Interesse einige Rezensionen durchgelesen… Ich denke einmal ist die Erfahrung in dem village stark von dem Guide abhängig (Glücksspiel) und andererseits, wie dick das eigene Fell in Verkaufssituationen ist. Ich persönlich hab kein Bock darauf zu Käufen genötigt zu werden und finde es sehr zermürbend, wenn tausende „Neins“ nicht akzeptiert werden.",1,Miriam,2026-03-08T10:40:34.166Z,Desa Sade,Nusa Tenggara Barat
"ARNAQUE !!! Ce village ou plutôt « dépouille touriste »… tout sauf traditionnel.
Nous y sommes allés, pensant que l’accueil allait être chaleureux. Au final le guide nous a dit de faire une donation (ce qui était normal pour le village) et on lui a demandé s’il fallait qu’on lui donne quelque chose à lui bien évidemment, il nous a répondu que non après avoir fait le tour du village, ce qui nous a pris à peu près 20 minutes, nous sommes revenus au point de départ. À ce moment-là il s’est manié d’un bâton et a demandé de l’argent à mon copain, sauf qu’il lui a répété ce qu’il lui avait dit, il a commencé à s’énerver et il lui a CRACHER sur le pied.
Nous sommes partis sur ça, rien d’autre à ajouter.",1,Amaia Garrastazu,2026-03-06T06:10:32.022Z,Desa Sade,Nusa Tenggara Barat
still can't believe i'm here 💘💘💘,5,Keik Nkukis,2026-03-05T22:06:38.287Z,Desa Sade,Nusa Tenggara Barat
"Guide approached us at carpark, no entry fee but have to give a donation, guide brought us to see his family's stall.
Overall a pleasant experience, spent 30-45mins walking around",4,Eugene,2026-03-01T13:00:50.020Z,Desa Sade,Nusa Tenggara Barat
Desa Sade termasuk salah satu wisata yang harus di kunjungi jika anda ke lombok,5,Happy Lombok,2026-02-28T02:29:37.756Z,Desa Sade,Nusa Tenggara Barat
"Lombok 2024, Desa Sade adalah salah satu desa wisata budaya yang terletak di Lombok, Nusa Tenggara Barat.

Sebelum masuk ke dalam dan ditemani pemandu wisata, kami diminta untuk mengisi buku tamu dan memberi donasi seikhlasnya.

Pemandu menjelaskan panjang lebar tentang sejarah dan adat kebiasaan yang berlaku di desa ini. Desa tampak bersih dan tertata. Sangat dijaga dari pengaruh luar. Kami belajar mengenai gaya hidup, rumah dan tradisi di desa ini.

Di desa ini, kami menyewa kain tradisional dengan harga yang bisa kita tawar. Selain itu dijual juga berbagai produk kerajinan khas desa ini seperti kain pantai, kain tenun, ikat kepala, pakaian jadi, tas dan juga selendang.

Pengalaman yang menarik dan menambah kaya wawasan kita mengenal tradisi budaya suku lain di Indonesia.",4,D Laraswati H,2026-02-25T06:36:58.219Z,Desa Sade,Nusa Tenggara Barat
"Orng2 ramh dan masih sangt asri,sayangya kmrn ke sana tutup karna ada kematian",5,Made suardana,2026-02-24T11:12:10.896Z,Desa Sade,Nusa Tenggara Barat
"Amber welcomed us warmly into his village. First, he told us why this village exists and explained the background of its traditions. Then he offered to show us around. He doesn’t charge any money for this — he does it purely out of love and from the heart.

We were able to meet his family, smoke local tobacco, and drink rice coffee together. He told us so much about the village, and his positive energy is truly contagious. Through him, you really realize that you don’t need much in life to be happy.

He patiently taught me how to weave on a traditional handloom (see photos), and he had so much patience with me. It is definitely worth a visit!

He was also very honest and told us not to buy anything from the stalls at the front, because those goods are not made there but imported. Further inside the village, however, you can find truly handmade items that are worth every cent.

It is highly recommended to leave a tip. Amber said it’s not necessary, but it’s a meaningful way to support the village.",5,Cora Fleckenstein,2026-02-24T04:10:21.479Z,Desa Sade,Nusa Tenggara Barat
Tempatnya tradisional di tengah kota,5,Zulfa Fadhila Nurrohmah,2026-02-22T14:09:02.197Z,Desa Sade,Nusa Tenggara Barat
"Está bien, es un sitio curioso donde puedes conocer un poco más de la cultura local.
En la puerta está esperando un guía que te lleva por la aldea y puedes acceder a las casas locales y ver cómo hacen artesanía.
La visita que hicimos no había propina voluntaria, nos hicieron pagar 50.000 IDR, es lo que íbamos a dar de propina y ya lo teníamos preparado pero para que lo sepáis.",4,María Jesús Segarra,2026-02-21T08:57:52.723Z,Desa Sade,Nusa Tenggara Barat
"Its basically a scam. You park your scooter and a"" guide"" forces himself onto you. Pay a ""donation"" at the entrance. We bought some sheets for 2.7 million thinking they are hand made. Turns out they are just plastic and most definitely not hand made. I asked about the coffee they have and they kindly offer us some. Also bring some in a bag you can buy. I only started seeing how very fake a whole thing is once i realised we got scammed. You'd think being a small village you could only pay with cash but they all have card readers. They have women weaving Infront of all the sheets to make it look hand made. At every house they try and sell you something that isn't hand made or original at extortionate prices.
Moral of the story is. Its a trap DON'T GO",1,Sebastian,2026-02-21T08:41:16.007Z,Desa Sade,Nusa Tenggara Barat
"Visite décevante, bâclée par un guide nous poussant littéralement vers la sortie. Aucune possibilité de flâner et regarder les échoppes le long des ruelles du village au demeurant non sans charme.",1,Guillaume Bessi,2026-02-20T08:54:54.648Z,Desa Sade,Nusa Tenggara Barat
Desa asli suku sasak,5,Hendry Martinus,2026-02-18T21:28:56.721Z,Desa Sade,Nusa Tenggara Barat
"Ja, zeker leuk om bezocht te hebben. Het toerismegehalte is heel hoog, dat is DE bron van inkomsten, maar tegelijkertijd is het daadwerkelijk honderden jaren oud.",4,Frank van Dien,2026-02-18T14:13:25.895Z,Desa Sade,Nusa Tenggara Barat
"Kami dilarang masuk tanpa guide hari ini 16 Februari 2026 jam 16.15 dengan intonasi yang tidak sopan oleh seorang guide. Guide tersebut bilang bahwa untuk masuk aturan nya semua orang harus pakai guide.

Sebenarnya kami tidak masalah jika cara penyampaiannya sopan, tapi ternyata banyak juga yang masuk tanpa guide dan saya sampaikan, bahkan faktanya sudah saya tunjukkan di depan mata orang tersebut (dia ngomong saya ngeyel padahal jelas saya tunjukkan fakta, dan dia ngomong pakai bahasa daerah mereka yang saya tidak mengerti seperti mencomooh ke teman2nya, padahal jelas2 kita semua orang Indonesia).

Kemudian Guide berkelit katanya ""kalau orang lombok boleh masuk tanpa guide, coba ngomong saja sama ketua saya"".

Terus saya sampaikan kalau aturan nya bilang ""semua orang harus pakai guide"" ya termasuk orang Lombok juga. Orang Lombok juga orang Indonesia kan.

Kalau memang secara aturan semua orang harus pakai guide, para guide tunggu sesuai urutan, ini dari parkiran saja sudah di ikutin seperti milih target. Karena konteksnya disini lebih ke nyari target nyari duit.

Kami langsung pergi meninggalkan lokasi Karena merasa pihak desa Sade diskriminatif. Menyesal datang terlebih sudah kasih donasi, tidak sampai 10 menit kami disana dan mayoritas hanya untuk mendengar diskriminasi aturan dan cemooh dalam bahasa daerah yang kami tidak mengerti.",1,JN Indrawan,2026-02-18T03:37:55.840Z,Desa Sade,Nusa Tenggara Barat
Desanya unik masih mempertahankan budaya asli mereka sampai sekarang. Beli kain tenun asli langsung dari pengrajinnya di sini.,5,Yuniar Rizky,2026-02-17T06:14:37.208Z,Desa Sade,Nusa Tenggara Barat
"Tourist trap!!! They will ask you donate for enter fee, and visit with their tour guide. You can’t visit alone! I just left then, Lombok people are all like that, all! 👎",1,H,2026-02-13T11:54:47.622Z,Desa Sade,Nusa Tenggara Barat
Jujur ya kids belum pernah datengin yawww tapi katanya si bagus tapi gue belum liat sis,5,keluarga koala,2026-02-12T16:29:47.441Z,Desa Sade,Nusa Tenggara Barat
Za mě super kulturní a zajímavý zážitek a v únoru celkem bez větších tlaků na prodej suvenýrů.Doporučuji Náš průvodce byl skvělý a ochotný 🙏🙏,5,petr švec,2026-02-12T09:47:01.656Z,Desa Sade,Nusa Tenggara Barat
Wisata edukasi untuk mengenal suku sasak lombok .. guidenya sangat ramah dan informatif banget .. guidenya merupakan warga suku sasak yg tinggal di desa sade .. untuk tiket masuk seikhlasnya untuk kontribusi desa sade .. untuk guidenya juga tidak ada tarif nya tapi kalau bisa jgn terlalu kecil juga kasinya yaa hehe wajib dimasukin list destinasi wisata kalau mau kelombok,4,calvin widhyas surya,2026-02-12T03:07:32.792Z,Desa Sade,Nusa Tenggara Barat
Tetep rame,5,Nama Beneran,2026-02-12T00:11:59.663Z,Desa Sade,Nusa Tenggara Barat
"Desa wisata dengan nuansa adat yang masih kental kebudayaannya. Hampir semua penduduk berjualan sovenir, kain, dan baju. Vibes budayanya bagus👍🏼😊",5,Syavira Aroem,2026-02-11T15:40:50.510Z,Desa Sade,Nusa Tenggara Barat
"Beautiful village and our guide Ember was incredible, so joyous and wise. Amazing to have a glimpse of the past and community living",5,Michelle Kloosterman,2026-02-11T05:34:08.908Z,Desa Sade,Nusa Tenggara Barat
"Zeer toeristisch. Leuk om te zien maar dan komt de grote maar: Je wordt zeer vriendelijk ontvangen, wij hadden een goede tip in de box gedaan (je doet een vrijwillige donatie) je moet gebruik maken van een gids (zeer vriendelijke man) Maar in het dorp wordt je bijna onder druk gezet om iets te kopen (wat ver boven de prijs ligt). Daarna slaat de sfeer langzaam om en werden we naar onze scooter gedirigeerd en wilde de man nogmaals geld van ons. Toen hij begreep dat wij vonden dat wij een goede bijdrage hadden geleverd werd hij zeer onvriendelijk en moesten we weg. Nogmaals leuk om te zien maar houd hier rekening mee.",3,Corinne Prins,2026-02-10T00:14:00.029Z,Desa Sade,Nusa Tenggara Barat
Menarik dan hrs dijaga,5,Bima Bandung,2026-02-09T04:34:05.937Z,Desa Sade,Nusa Tenggara Barat
"DESA Adat SADE sangat terkenal dengan khas kain tenunnya, rumah adatnya yg khas dan pwrawatan lantainya yg unik dg menggunakan kotoran kerbau utk menjaga agar lantai tetap kuat dan tidak mudah pecah2..  disini ada guide nya ya guys jd tenang..akan dipandu keliling area desa..😍.. biaya masuk tdk ada hanya memberikan dana pemeliharaan seikhlasnya..
So excited 😍",5,Novita Ariyani,2026-02-08T15:39:23.360Z,Desa Sade,Nusa Tenggara Barat
"Warganya ramah, bersih, dan otentik khas",5,zidan akmal,2026-02-08T11:57:32.641Z,Desa Sade,Nusa Tenggara Barat
"I really enjoyed my time here. It's fascinating place and really interesting. Kia our guide was absolutely amazing.

Sorry if I spelt you name wrong!

I would highly recommend going.

I initially gave this 5 stars however at lombok airport there was the was the same products a LOT cheaper.",4,Andrew Martin,2026-02-08T03:36:11.413Z,Desa Sade,Nusa Tenggara Barat
Saya pernah ke sade dan disana sangat bagus terutama adat sasak sangat kental disana intinya saya kagum dan ingin kesana lagi,5,Nanda Fitriani,2026-02-07T21:44:26.557Z,Desa Sade,Nusa Tenggara Barat
A bit boring. One of the sellers aggressively said my partner “looks like a ladyboy” in bahasa and not realising that my partner speaks bahasa when we said we didn’t want to buy anything. The tour was short and nothing mind blowing or overly interesting. We paid 10k per person entry fee and 50k for guide. Apart from the rude lady I still probably wouldn’t recommend as it did bore me.,1,Craig,2026-02-05T07:19:52.166Z,Desa Sade,Nusa Tenggara Barat
Orangnya ramah ramah dan disediakan tourguide langsung dari desa ini. Jadi kita tau sejarahnya. Seru sekali bisa mengenal budaya di lombok yang masih melestarikan budaya,5,Laila,2026-02-04T21:49:04.786Z,Desa Sade,Nusa Tenggara Barat
"Seru, menyusuri sisi kehidupan penduduk lokal di pulau Lombok, dengan Rumah yang khas dan kearifan lokal Sade",5,Sasmita Apriyani,2026-02-04T05:42:41.323Z,Desa Sade,Nusa Tenggara Barat
"no official entry fee but a donation
overall good
learn the local culture",4,YIINA IDAMATUSSYLMI,2026-02-03T06:28:34.863Z,Desa Sade,Nusa Tenggara Barat
Ngga masuk kedesanya tapi alhamdulillah bisa nyampe sini,5,Mirza dhani,2026-02-02T13:34:06.472Z,Desa Sade,Nusa Tenggara Barat
"Nice traditional village in Lombok.. not only the houses, but the villagers also living a traditional way. You can see manual weaving and thread making..",5,Nurshuhada Solahudin,2026-02-02T13:28:00.966Z,Desa Sade,Nusa Tenggara Barat
Desa adat yg tersisa di Lombok. Bangunan² berdinding bambu dan beratap ilalang merupakan ciri khas dusun Sade. Bertani dan menenun kain adalah pekerjaan utama mereka,5,Budi Hartanto,2026-01-31T02:58:17.466Z,Desa Sade,Nusa Tenggara Barat
Lingkungan dengan kearifan dan budaya lolal,5,Agus Pratama,2026-01-30T12:02:13.054Z,Desa Sade,Nusa Tenggara Barat
Culture and Religi,5,Adri BO,2026-01-30T07:04:47.039Z,Desa Sade,Nusa Tenggara Barat
"Kite was such a charming tour guide and so smart! What an amazing history and culture! So grateful for them to share so much of who they are. Wishing continued health, peace and success to everyone at Sade.",5,Greer Swiston,2026-01-29T07:08:03.486Z,Desa Sade,Nusa Tenggara Barat
Nice place,5,Andista Candra Yusro,2026-01-27T12:05:37.287Z,Desa Sade,Nusa Tenggara Barat
"Interessant. Rondleiding gehad van ongeveer 45 minuten. Daarbij kregen we traditionele koffie en een sigaret en mochten we binnen in de huizen kijken. Er wordt geen vaste ticket prijs voor de rondleiding gevraagd. Wij hebben 5,- per persoon betaald (100.000rp)",5,Eva Berntsen,2026-01-26T14:23:38.280Z,Desa Sade,Nusa Tenggara Barat
"Akhirnya sampai di sini juga. Kerennn banget. Desa yg msh mempertahankan kebudayaan. Jujur terharu dan kagum. Masyarakatnya ramah-ramah banget. Banyak toko jual tenun asli, aksesoris dll dengan harga terjangkau. Saya beli sarung + baju tenunnya. Cakep. Pengalaman berharga",5,aula nurul,2026-01-26T12:06:02.851Z,Desa Sade,Nusa Tenggara Barat
"the place is very nice, like old-fashioned 👍👍",5,Wahyu Scooter Rental Lombok,2026-01-25T09:27:43.075Z,Desa Sade,Nusa Tenggara Barat
sangat bersejarah,5,jibril jiraldi,2026-01-25T04:23:28.646Z,Desa Sade,Nusa Tenggara Barat
"Dibantu dengan 1 guide local yg menjelaskan tentang desa tersebu, dan dibantu unt mengambil foto.",5,windi ajja,2026-01-24T07:59:33.772Z,Desa Sade,Nusa Tenggara Barat
Suasananya bagus Lombok banget bisa ambil sewa baju buat yg mau keliling dan foto-foto. Tidak ada harga tiket khusus melainkan hanya sebatas bayaran atau sumbangan sukarela. Lokasi agak panas karena kurang pepohonan. Overall bagus banget,5,Muhammad Zaini,2026-01-23T23:51:01.796Z,Desa Sade,Nusa Tenggara Barat
"Desa yang cantik. Salah satu tempat yang masih dijaga keasliannya dimana warga Sasak tinggal, asli dari pulau Lombok. Banyak kisah yang bisa didengar dari sini",5,Ge Sinulingga,2026-01-23T14:15:07.953Z,Desa Sade,Nusa Tenggara Barat
It might have been good before but now they pretty much preasure you at every store to buy somthing for ridiculous prices view is ok but nothing special,1,manuel braun,2026-01-23T13:07:15.444Z,Desa Sade,Nusa Tenggara Barat
"Es una especie de poblado que lo que tiene son tiendecitas de artesanía y cosas como pulseras, collares, etc. Se ve en un rato. Puedes dejar propina para ayudar a los pobladores a la entrada o bien comprar los productos que venden. Tiene un mirador desde donde se contempla todo el poblado.",3,toni Mazo,2026-01-21T07:40:27.325Z,Desa Sade,Nusa Tenggara Barat
Desa adat sambil keliling dan lihat seni di daerah sini,5,mas rijal jalan jalan,2026-01-21T02:22:52.172Z,Desa Sade,Nusa Tenggara Barat
A tourist trap with charme. Try to find one of the compulsary guides who speaks a better english and is really interested to share with you the SASAK culture.,3,A. “A.C.” C.,2026-01-20T14:06:56.540Z,Desa Sade,Nusa Tenggara Barat
"看起来像是一个保留完好的村落，实际上就是一个商业民俗村，整个村子里全是店铺和拍照点。说是免费志愿者带领游客游玩，实际上就是强行安排一个导购陪同，最后还强行索要“志愿者费”，不如明码标价。
没有给很多小费，“志愿者”拿了钱扭头就走。",2,李泽林,2026-01-20T09:56:52.675Z,Desa Sade,Nusa Tenggara Barat
"Sejujurnya desanya bagus, adat dan budayanya sangat menarik.

Tapi bagi saya yang datang dengan harapan mendapat cerita yang lebih maksimal terasa sangat kurang sekali. Mungkin tidak semua, tapi saya kebetulan mendapat pemandu yang bercerita sekadarnya dan ujungujung2nya mengarah pada menjual produk.

Jujur, saya hanya memberi 10rb saja pada pemandu karena saya kurang puas, terdengar sekali saat saya kasi ada umpatan dalam bahasa lokal. Saya mau membayar lebih jika memang sesuai ekspektasi.

Karena anjuran belinya sangat kuat, saya membeli sarung dan kopi. Itu bentuk penghargaan saya.

Masukannya supaya bisa lebih diperbaiki, banyak yang datang kesana utk mendapat cerita.",3,Randy Lorena Candra,2026-01-20T03:02:27.829Z,Desa Sade,Nusa Tenggara Barat
Tempatnya luar biasa..kearifan lokal yang kental,4,Ardika Irsan,2026-01-20T01:51:39.533Z,Desa Sade,Nusa Tenggara Barat
Wat een opdringerig zooitje. Om de meter krijg je allerlei doeken te zien die je moet kopen. We wilden er zo snel mogelijk weg.,2,Sem Elbanna,2026-01-19T21:02:16.265Z,Desa Sade,Nusa Tenggara Barat
"There is an ‘entrance fee’ which is presented as a donation for the maintenance of the village, which we were happy to support. We were also lucky to visit on a day when a traditional dance was being performed, which was a great experience and added real cultural value to the visit.

Visitors can only enter the village with a guide, and they do explain the village layout, traditions, and aspects of local culture. Unfortunately, the tour stops at the guide’s family business, where there is strong pressure to buy products. Out of courtesy, we considered buying a small bracelet but were shocked when the price started at USD 10. When we politely declined, we were told we could bargain down to USD 5. In Indonesia, we’ve generally found people to be very respectful and honest, so this bargaining experience felt uncomfortable and out of character. It also felt like the guide was disappointed that we chose not to buy anything.

While it was interesting to see how the community lives and grows their own rice, we were disappointed by the amount of plastic waste floating around the rice fields. This was surprising and took away from the authenticity and natural beauty of the village.

Overall, Sade Village has cultural significance and potential, but the commercial pressure and environmental concerns detracted from the experience.",3,Leandro,2026-01-19T16:00:44.767Z,Desa Sade,Nusa Tenggara Barat
"Wuint little village, that shows traditional Indonesia culture and living.",5,Alan Gildea,2026-01-18T12:25:36.378Z,Desa Sade,Nusa Tenggara Barat
bagus,5,Rudy Fong,2026-01-17T11:27:18.814Z,Desa Sade,Nusa Tenggara Barat
"Visiting Sade Village was a really interesting and cultural experience. It is a great place to learn about the traditional Sasak lifestyle, houses, and local traditions of Lombok.

I was lucky to meet Amaq Putri, our guide in the village. He was so good at explaining everything, very friendly, knowledgeable, and patient in answering all our questions. Thanks to him, the visit became much more meaningful and enjoyable.

The guide system here is based on voluntary payment, so you can give a tip according to your appreciation. I think it is a fair and nice way to support the local guides.

The village itself is well preserved, clean, and full of history. You can see traditional weaving, unique house structures, and daily life of the local community. It feels authentic and not overly commercialized.

Highly recommended for anyone who wants to understand more about Lombok culture and traditions.",5,Kadek Anggi Krisnawan,2026-01-17T05:46:11.899Z,Desa Sade,Nusa Tenggara Barat
Village traditionnel à faire,5,Ludovic Paumier,2026-01-16T02:14:04.927Z,Desa Sade,Nusa Tenggara Barat
"Vesnice je hezká, možná kdybychom natrefili na průvodce, který by neměl zájem nám jen něco prodat, byl by náš zážitek lepší. Bohužel takto to cítím jen jako další past na turisty.",3,František Bílek,2026-01-15T14:17:14.009Z,Desa Sade,Nusa Tenggara Barat
"It is a living cultural village. Although felt too commercialised for me. I understand they thrive off tourism now by trying to sell blankets and paintings they make. The guide we had to tip, as well as a ‘donation’ for entry.. both were very forceful. We were okay with this. But it seemed as though when he realised we weren’t buying anything from their numerous shops inside, it felt like he ended the tour early. It was a little informative, but felt rushed and not authentic. Being so close to Kuta it makes sense they have taken advantage of the tourism customers. Did not walk away feeling satisfied at all. Basically just a show around different shops",3,Nicole Ware,2026-01-15T03:13:47.699Z,Desa Sade,Nusa Tenggara Barat
"Desa Wisata Sade memberikan pengalaman luar biasa buat kamu yang ingin mengenal lebih dekat akar budaya suku Sasak dengan suasana yang masih sangat terjaga keasliannya. Keunggulan utama tempat ini adalah kesempatan untuk melihat langsung rumah adat berbahan bambu dan atap alang-alang yang dirawat secara tradisional menggunakan metode pembersihan yang sangat unik. Kamu bisa berinteraksi langsung dengan penduduk lokal yang sangat ramah sambil melihat proses menenun kain tradisional menggunakan alat kayu yang masih manual dan sangat sederhana. Lingkungan desa yang tenang memberikan kedamaian tersendiri, ditambah dengan pemandangan kerajinan tangan khas yang dipajang di depan rumah warga, memberikan kesan artistik yang sangat kuat. Pengetahuan yang dibagikan oleh pemandu lokal sangat mendalam, memberikan wawasan baru tentang aturan hidup dan adat istiadat yang sudah bertahan selama ratusan tahun di tengah arus modernisasi yang sangat cepat saat ini.

Akses jalan masuk ke dalam desa cenderung sempit sehingga kamu mungkin akan merasa sedikit berdesakan jika datang bersamaan dengan rombongan besar wisatawan lainnya. Harga beberapa produk kerajinan kain tenun yang ditawarkan di dalam area desa terkadang terasa jauh lebih tinggi jika dibandingkan dengan pasar tradisional di luar kawasan. Beberapa area di sekitar pemukiman sering kali terasa sangat terik karena minimnya pepohonan peneduh, sehingga kamu perlu menyiapkan perlindungan diri agar tetap nyaman saat berkeliling. Kamu juga mungkin akan merasa sedikit kurang nyaman dengan adanya beberapa pedagang yang sangat gigih menawarkan barang dagangan mereka kepada setiap pengunjung yang lewat di sepanjang lorong desa.",5,udarahmannn,2026-01-14T02:26:43.190Z,Desa Sade,Nusa Tenggara Barat
Kalo touring ke lombok jangan lupa singgah disini yahh ❤️‍🔥❤️‍🔥❤️‍🔥,5,22 Mank Sariana,2026-01-12T15:22:29.389Z,Desa Sade,Nusa Tenggara Barat
"Desa Sade ato Sade village merupakan salah 1 destinasi favorit kalo ke Lombok NTB
Banyak sejarah yang bisa diceritakan berdasarkan berdirinya desa ini
Penduduknya ramah2 dan harga barang2 kerajinan tangan yg murah meriah dijual disini
Saat kesini kunjungan kbetulan ada yg lagi gotong royong membangun rumah adat yg susah diliat di penduduk kota. Gotong royong disni masih terasa sangat rame dan kerjasama yg apik",5,Angga Prasetyo,2026-01-12T12:54:14.678Z,Desa Sade,Nusa Tenggara Barat
Nuansa Anaknya kepada sekali.Program pariwisata lokal yg di kelola dengan baik oleh masyarakatnya,4,Hendra Gunawan,2026-01-11T12:46:38.080Z,Desa Sade,Nusa Tenggara Barat
"0 plaisir, sans intérêt, si tu n’achètes pas leurs produits tu n’es pas le bienvenu. On ne peut pas visiter de manière automne et en toute tranquillité…",1,Baptiste Defaux,2026-01-11T08:27:14.643Z,Desa Sade,Nusa Tenggara Barat
"Desa Sade dengan nuansa adat yang kental membawa kita ke masa lalu. Mulai dari arsitektur khas lumbung padi, bale, rumah adat dan lantai menciptakan visual kearifan lokal. Saat datang Anda akan diajak oleh guide lokal yang merupakan warga setempat. Guide lokal memberikan story telling tentang adat setempat dimulai dari bangunan yang diberi nama Bale. Anda akan diajak berkeliling menelusuri pesona indahnya desa. Warga yang menjajakan souvenir berupa outer, gelang, kain tenun, cemilan khas, kopi dll akan menyapa Anda dengan ramah. Tak jarang mereka menceritakan sejarah dan mempraktekkan pembuatan produk khas. Gardu pandang bisa Anda manfaatkan untuk menyaksikan masterpiece rumah adat dari atas. Terima kasih Desa Sade membuat kami takjub, kami akan datang di kesempatan berikutnya.",5,prima yusuf,2026-01-10T12:05:31.658Z,Desa Sade,Nusa Tenggara Barat
"Pemandu yg ramah dan detail..
Sangat recomended kalau kelombok",5,Agung Ary,2026-01-10T10:07:48.895Z,Desa Sade,Nusa Tenggara Barat
"desa bersejarah, masuk bayar seikhlasnya, ada banyak kain tenun yg mereka tenun sendiri",5,Salsabila SKP,2026-01-10T05:12:12.946Z,Desa Sade,Nusa Tenggara Barat
"Enaknyoooo
Datanglah kawan dan belajarlah sejarah lombok",5,hendri satria budi,2026-01-10T04:18:45.580Z,Desa Sade,Nusa Tenggara Barat
Mempelajari budaya suku Sade.,5,brey,2026-01-09T00:14:01.362Z,Desa Sade,Nusa Tenggara Barat
Great village,5,Nathanael Undas,2026-01-08T01:51:49.591Z,Desa Sade,Nusa Tenggara Barat
商业化挺重的 要价也很夸张,3,ka Thy,2026-01-07T01:01:44.465Z,Desa Sade,Nusa Tenggara Barat
Really cool experience with so nice guide Kait(sorry in advance for misspelling) ! Thank you ☺️,5,Маша Аврамова,2026-01-06T16:32:46.265Z,Desa Sade,Nusa Tenggara Barat
Padat sekali,3,Black Tail,2026-01-06T13:02:13.628Z,Desa Sade,Nusa Tenggara Barat
Salah satu contoh nyata kearifan suku Sasak yang wajib dikunjungi kalo ke lombok🤩,5,Eliza Hanin,2026-01-06T10:29:49.045Z,Desa Sade,Nusa Tenggara Barat
"Impresionante
Es para verlo.",5,A- E- M,2026-01-06T09:55:03.471Z,Desa Sade,Nusa Tenggara Barat
"A trully traditional village in lombok, you may visit the main village and buy handcrafted souvenir",5,adhytia santoso,2026-01-06T08:42:18.250Z,Desa Sade,Nusa Tenggara Barat
"Saat datang, saya disambut oleh guide yg ramah. Biaya masuk tidak ditentukan, jadi terserah aja. Saya sendiri bayar Rp. 10rb/orang.

Setelah bayar biaya masuk, guide akan mengajak saya keliling desa yang sebetulnya engga terlalu luas. Rutenya naik turun tangga. Jadi mungkin engga ramah untuk yg berkursi roda.

Setiap rumah menawarkan kerajinan yang dijual dengan harga beragam. Namun menurut saya terlalu mahal jika dibandingkan dengan pusat oleh2x di mataram.

Sebetulnya kita tidak diharusnya memberikan tips untuk guide yang mendampingi kita. Namun saya memberikan tips untuk guide saya, karena ramah & sabar.",5,Indrio Purnomo,2026-01-06T04:13:01.605Z,Desa Sade,Nusa Tenggara Barat
