review_text,rating,author,date,nama desa wisata
enakk warga nya sopan semua makmur,5,gal 123,2026-04-04T12:02:30.226Z,Pentingsari
Kampung suami,5,Yumnaica Aidulfitrya Djjaya,2026-03-16T13:38:02.046Z,Pentingsari
You can learn javanese culture such as traditional dancing. You can also experience traditional way of living in java. There also campsite and many open spaces to play and do the outbound games.,5,Ali Tafrihatullutfi (Kang Lutfi),2026-02-03T05:53:45.145Z,Pentingsari
"Kearifan lokal yang menyenangkan, keramahan penduduk nya yang luar biasa",5,Sahid Arbas,2026-01-25T04:53:43.104Z,Pentingsari
"Desa wisata terbaik.
Terbaik dalam keramahan, pelayanan, makanan, dan kegiatan.
Sangat cocok untuk tempat belajar siswa dengan sistem live in di rumah host fam.",5,agung hartono,2026-01-14T11:02:39.511Z,Pentingsari
Hiburan,5,Karjo Mugo,2026-01-01T08:31:32.011Z,Pentingsari
"Tempatnya luas dan asri cukup bagus untuk kegiatan fun games, kamar mandi cukup banyak cuma gak semuanya air kerannya nyala kemarin pas cek yg sebelah barat. Semoga pengelolaannya lebih baik lagi 👍",5,Ulfa Nur Wahyudi,2025-12-28T05:19:26.687Z,Pentingsari
"Rumah Simbahnya Zahra ada di desa inih, lingkungannya masih asri banyak pohon² besar.. O2 melimpah.. cocok banget kalo suka hiking atau sepedaan jenis MTB / Gravel",5,edwonk zapravo,2025-12-22T12:01:00.532Z,Pentingsari
seru banget kesini. wisata yang bener2 seru apalagi kalau live in. enjoy here,5,Lutfi Hakim,2025-12-19T00:42:53.602Z,Pentingsari
"Di desa ini buat ngadain acara penanaman pohon dan bapaknya yang ngelola ramah sekali 🙏🏻😊

Cocok untuk wisata alam, yang mau camping apalagi. View-nya Kali Kuning, bisa main air juga karena tidak terlalu deras arusnya. Recommended!",5,Rifka Agnes,2025-12-11T10:45:32.043Z,Pentingsari
Lingkungan sangat nyaman,5,Vegha Ghani Karera,2025-12-11T00:04:45.356Z,Pentingsari
"puas dengan pelayanan pemandu nya, desa nya rapi bersih, kaya akan SDM, dan pengelolaan nya kereeennnn🤩🤩🤩",5,Berlian Febiantika,2025-11-27T14:47:07.002Z,Pentingsari
"Lingkungan nya nyaman dan asri, kita bs belajar dlm budaya yg  jarang kita temukan ditempat lain",5,Dese Rudiana,2025-11-11T15:46:44.449Z,Pentingsari
"Desanya asri,alami dan suasananya enak. Lingkungannya bersih,banyak home stay. Kesana cuma mampir jajan tidak menginap.",5,Dimas Suryo,2025-10-26T14:08:30.149Z,Pentingsari
Tempat bagus.. natural village,5,abramwidi,2025-10-24T11:54:30.603Z,Pentingsari
"Far from the busy town, calming and relaxing, the residents are so friendly, we living in with locals at their home, learning about what do they do everyday, trying a lot of things that you wouldn't find in the city life. But please lower your expectations, since the homestay is the residents home, so yes it will be different one to another.",4,violin ocarina,2025-10-19T00:31:47.242Z,Pentingsari
"Salah satu desa wisata yang ada di Yogyakarta, lokasinga sangat dekat dengan Ledhok Sambi yang sangat terkenal. Menginap 2 malam di homestay seruni, dilayani dam dijamu dengan hangat oleh Pak Bambang dan Mbah. Serasa pulang ke rumah nenek sendiri. Sehat selalu Mbah.",5,Arif Abdurrahman,2025-10-08T22:22:10.637Z,Pentingsari
"Tadinya mau ke lodok sambi tapi sudah kesorean dan hampir tutup, lalu disarankan sama bpk tukang parkirnya kesini, tempatnya lumayan bagus, namun memang lebih cocok buat camping atau outbound,",4,Benny Budiarto,2025-10-05T04:01:42.296Z,Pentingsari
Difficult to find. Need special arrangement from local people.,3,Rizanto Binol,2025-09-29T01:34:25.413Z,Pentingsari
Lingkungan sangat asri n alami,5,Yulius R_Yan,2025-09-23T09:43:48.641Z,Pentingsari
"Tempat sangat alami, nyaman, udara sejuk, kamar mandi bersih",5,Ayu Dhita Gilang Kusuma,2025-09-23T07:34:42.130Z,Pentingsari
Bagus,5,Kang Hananto Aza,2025-09-10T08:33:11.093Z,Pentingsari
"Daerah pentingsari seperti 2 pulau yg terpisah yg dihubungkan dng jembatan , terlihat indah masih asri dan nyaman, masyarakatnya ramah2 sopan,dan tidak ada sampah plastik sedikitpun di pulau kecil ini, perpaduan bukit dan lembah dan penghijauan yg membentang seperti paru2 dunia,tempat kemah , bisa naik hrap , bisa BELAJAR pertanian di peting , desa wisata kali kuning",5,wayan channel power of a woman,2025-09-07T23:07:01.421Z,Pentingsari
"Good area for outdoor and outbond activities, lack lighting and access to healthcare facilities but the probability for activities are endless",4,Devin J,2025-09-06T15:35:48.952Z,Pentingsari
"Nyaman, asri, sejuk",4,Nur Hadi,2025-09-05T02:43:08.152Z,Pentingsari
"tempat saya melakukan malam keakraban untuk TITRASI 2025, sangat menakjubkan sih.",5,Brigita Lintang Fredella,2025-09-01T10:04:48.937Z,Pentingsari
"Tempat yg cocok untuk makrab dan sebagainya, buat outbound juga asikk",5,Yordan Kumanireng,2025-08-23T14:02:13.084Z,Pentingsari
Very home and lovely ❤️,5,Nabilla Tashandra,2025-08-08T15:26:04.113Z,Pentingsari
"Salam dari Desa Mattone, Kalsel",5,I-One Yoshida,2025-07-23T18:01:07.406Z,Pentingsari
"Seru banget fieldtrip di Desa Wisata Penting Sari!! saya dan teman teman saya menangkap lele di sawah, bermain bola lumpur dan mandi di sungai benar” mencerminkan kehidupan desa yang asri, menginap di homestay Pak Joko dan Bu Ambar yang sangat ramah.. Selama di Homestay Pak Joko kami makan makanan yang di masak Bu Ambar.. Sangat Enak dan bener” serasa lagi di rumah.. Selain itu Homestaynya juga bersih dan Rapih sangat nyaman untuk di tempati❤️ Saya bisa melihat kekompakan masyarakat lokal🥰🥰 Love Bu Ambar & Pak Joko semoga sehat selalu❤️",5,Nanda Aprilia,2025-07-02T04:14:59.299Z,Pentingsari
"Worth to visit !! Please come to Desa Wisata Pentingsari, you will never regret. This for sure :)",5,Agnes Leonita,2025-06-28T09:36:31.700Z,Pentingsari
"desa wisata nya bagus keren, tetapi masih kurang kayak jalan untuk ke lokasi pendopo bus gabisa masuk harus jalan kaki karena lokasinya agak ke bawah, terus kalau malem arah keluar desa agak kurang penerangan... parkir nya juga terbatas di lokasi.. trs penunjuk jalan mohon ditambah... mungkin perlu ditingkatkan fasilitas bisa minta dana ke dinas pariwisata ya mungkin...",3,griya dimsum,2025-06-05T08:06:40.317Z,Pentingsari
"Suasana perkampungan yg asri. Banyak pohon, bersih, dan makanan di warung simbok ok.",4,ribka barus,2025-06-02T13:12:24.739Z,Pentingsari
Lot of adventures yet less of excitement,3,rey,2025-05-31T08:48:25.533Z,Pentingsari
Asri nan berbudaya,5,santo uye,2025-05-11T16:00:33.852Z,Pentingsari
"Desa wisata yang terkenal, biasa digunakan Untuk acara pembelejaran siswa atau pu. Acata gethering perusahaan, akses masuk dan laham parkir untuk rombongan bus cukup memadai",5,Diego Permadi,2025-05-11T12:10:35.508Z,Pentingsari
Suasana tenang dan asr,5,Izzat Habibi,2025-05-11T11:53:55.763Z,Pentingsari
"Kesini pas nengok anak camping sekolah, tempatnya lumayan bagus, nyaman, parkir juga luas..",4,indra riyanta,2025-05-09T12:56:08.705Z,Pentingsari
"Bagus banget parkir  luas, home stay banyak, pendopo  pertemuan juga banyak, kolam ikan banyak. Cocok untuk  perkemahan, outbond, gathering, reuni dll menu makanan  murah",5,Bersama Insan SOLEH,2025-05-04T14:27:40.623Z,Pentingsari
Area perkemahan juga...asri...,5,Anisah Rahmawati,2025-05-02T22:21:52.262Z,Pentingsari
Good Place,5,Mohamad Arizza Isthianto,2025-04-20T09:40:44.489Z,Pentingsari
Lokasi recommended untuk outbond dan kemah,5,Rizkisurya Pradana,2025-04-12T13:19:57.137Z,Pentingsari
"Terawat, staff Lor Sambi cekatan pasangin tenda",4,rosy liana,2025-04-02T05:50:11.998Z,Pentingsari
Good Place with good people,5,ARIE AWLIJENS,2025-03-15T15:02:28.832Z,Pentingsari
"Bagus banget , di sana saya belajar cara membuat wayang dari rumput, membuat janur , membuat batik , dan belajar memainkan gamelan. Di sana juga asri banget tempat nya adem , sejuk , dingin pokoknya.orang orangnya juga ramah banget , saya suka .",5,Raisa Zafira Rahmayani,2025-03-05T21:32:26.368Z,Pentingsari
penting ini 😁👍,5,Aria Nova,2025-02-28T09:34:07.894Z,Pentingsari
worth it,5,rènata.,2025-02-21T13:04:57.550Z,Pentingsari
ramah semua orang orang nya,5,Safina Zahra,2025-02-16T16:29:26.963Z,Pentingsari
"Desa Wisata Pentingsari terletak di lereng Gunung Merapi, di daerah Sleman, Yogyakarta. Desa ini dikenal karena keindahan alamnya yang memukau, suasana pedesaan yang masih alami, serta keunikan budaya yang ditawarkan. Di Pentingsari, pengunjung bisa menikmati berbagai aktivitas wisata seperti trekking, menikmati pemandangan alam, berinteraksi dengan penduduk lokal, serta belajar tentang pertanian organik dan kerajinan tangan tradisional.

Desa ini juga terkenal dengan konsep ""wisata edukasi,"" di mana wisatawan dapat ikut serta dalam kegiatan sehari-hari masyarakat, seperti membuat makanan tradisional atau mengikuti workshop kerajinan..",5,Doel Maksum,2025-01-23T16:50:47.063Z,Pentingsari
seruuuu seruuuu asikkk asik programny,5,Cordelia Belda Faustine,2025-01-22T07:01:19.109Z,Pentingsari
"sangat menyenangkan, untuk bapak dan ibunya juga asik2, tapi kurang tempat untuk bermain jadi hanya berkumpul di beberapa tempat",5,Danielelelelel,2025-01-22T07:00:38.872Z,Pentingsari
nice,5,neta,2025-01-22T06:59:45.910Z,Pentingsari
"tempat nya bagus,pemandangan nya udah banyak pohon"" masih asri deh Kka"" ny juga ramah"",baik penduduknya  Friendly,tempat wisata nya banyak,pokoknya the beast deh ヾ(＾-＾)ノ",5,Rina Ramly,2025-01-14T01:50:59.986Z,Pentingsari
Bisa diriin tenda di aliran sungai.tp pas malam byk bgt serangga yg bikin mata bengul...,4,Nino syawali,2025-01-10T06:29:02.154Z,Pentingsari
sangat nyaman,5,MUHAMMAD NAUFFAL AL GHIFFARI,2025-01-09T12:33:45.683Z,Pentingsari
Keren sejuk enak,5,nairanabila nita,2025-01-06T06:46:21.271Z,Pentingsari
"Suasana pedesaannya sangat kental. Bagus untuk study tour anak2. Banyak yang bisa dipelajari disini mulai dari menamam padi, membuat wedang jahe dan sejenisnya serta berlatih gamelan.",5,Arie FPV,2024-12-12T05:17:12.346Z,Pentingsari
Tempat mantap untuk rekreasi dan outbond.,5,Agus Wijanarko,2024-12-09T12:44:28.363Z,Pentingsari
"Ikut Jogja International Heritage Walk 2024, trus ke sini. Desanya asri, trus banyak produk kearifan lokalnya, seruu.",5,Firdha Eka Susanti Dianingsih,2024-12-09T09:59:51.398Z,Pentingsari
"Desa Wisata Pentingsari, PENTING BANGET..
Ada alat pengelolaan sampah botol plastik yg baru saya temui di dewis ini, serta alat tersebut dukungan dari suatu bank dalam aksinya mendukung program pengelolaan sampah.

Kopi madu merapi recommended, apalagi di buat kopi susu tarik.

Edukasi gamelan cukup interaktif, dengan bapak pelatih ramah"".

Bakal kangen untuk balik berkunjung maupun berwisata ke desa wisata ini, karena masih banyak spot dan atraksi wisata lain yang belum dikulik dan dicoba😍✨",5,Marsyanda Salsya Irawan,2024-12-08T16:20:58.069Z,Pentingsari
"Terimakasih untuk desa Dewi pentingsari atas sambutan yang diberikan, tentunya sangat pusa happy lingkungan yang masih asri dan terimakasih bakti BCA atas undangannya.  Hari ini happy bersama teman teman lainnya, bertemu dengan teman baru have fun bareng bakti BCA. Untuk tahun depan semoga diundang lagi diajak lagi terimakasih Bakti BCA...",5,Muh Haidir Jabir,2024-12-03T07:29:59.276Z,Pentingsari
Seru gokil abis,5,rahmad kurniawan,2024-12-03T06:58:48.151Z,Pentingsari
Mantab..Desa Bersih dan Anggun dan Asri..,5,Dionisius Simanjuntak,2024-12-03T03:28:27.848Z,Pentingsari
Great place for vacation with family,5,fauziyah nurlaili,2024-11-27T01:27:05.458Z,Pentingsari
"Salah satu desa wisata terbaik yang pernah dikunjungi, selain suasana pedesaannya yang sejuk, penduduknya juga ramah ramah dan banyak sentra sentra kerajinan yang bisa dikunjungi",5,edywaluyo nugroho,2024-11-24T04:22:49.331Z,Pentingsari
"Berkunjung ke desa wisata ini ketika ada event Jogja International Heritage Walk.
Suasana pedesaan, asri, masih banyak dijumpai sawah dan pepohonan.",4,caecilia dwi,2024-11-23T09:55:51.558Z,Pentingsari
Bagus tempat wisata sama homestay ya yaman yg bapak dan ibu ya baik banget welcome.keren buat referens badan,5,Ashad Isnaini,2024-11-20T13:10:20.673Z,Pentingsari
"Pertama kali datang ke Desa Wisata Pentingsari, Sleman untuk mengikuti JIHW. Daerahnya bersih, asri, serta penduduknya ramah. Rute untuk berjalannya lumayan menantang karena kondisi jalan yang naik-turun.",5,Yuraeka Dewi,2024-11-20T06:49:12.417Z,Pentingsari
"Sangat Asri, Cocok untuk rombongan yang mengadakan acara disini",5,dfadaffa (Daffa),2024-11-20T05:01:45.719Z,Pentingsari
"Adem, suasananya masih natural......",5,Erma Umayah,2024-11-17T01:37:13.585Z,Pentingsari
Di situ tempat saya live in Dari Sekolah Dian Harapan Jambi dan Bangka tempat nya adem tapi kalau malam sangat dingin,5,Christiano Erlando Togar Mattio Pardosi,2024-11-09T00:06:49.940Z,Pentingsari
Tempatnya bagus dan orangnya ramah2 semuaa,5,Brigita Rani Hendrika,2024-11-01T14:05:49.092Z,Pentingsari
keren,5,Martha Surbakti,2024-10-31T04:42:44.061Z,Pentingsari
"Best place to visitt 💙💙 SDM Cakap, tempat menarik",5,Dhika Daniswara,2024-10-31T04:41:41.641Z,Pentingsari
mantap banget seruu,5,Timur Anggoro Novanto,2024-10-31T04:41:39.805Z,Pentingsari
Penuh experience,5,Fernando,2024-10-31T04:41:14.604Z,Pentingsari
Keren banget harus balik lagi!,5,Eldora Aristian Lintang P.,2024-10-31T04:40:54.190Z,Pentingsari
Sangat menyenangkan dan seru . Pembelajaran dan ilmu yang di dapat tidak hanya belajar tetapi berlibur dengna cara yang sangat menyenangkan,5,willy wijaya,2024-10-31T04:40:22.994Z,Pentingsari
Seru dan banyak hal menarik yang bisa dipelajari dan pengalaman live experience! Bukan hanya kata-kata atau teori saja tapi bisa sambil mengalami. Semuanya ramah welcoming dan baik ❤️,5,Winston Renatan,2024-10-31T04:34:49.546Z,Pentingsari
Good,5,Evadwiyanti Sudarsono,2024-10-31T04:34:33.778Z,Pentingsari
Keren banget wajib dicoba,5,Achmad Septio,2024-10-31T04:31:09.205Z,Pentingsari
Desanya keren dan hommy,5,mitha bandioko,2024-10-08T09:43:34.403Z,Pentingsari
"Tempatnya tenang, asyik untuk camp",5,Ifa Bulet,2024-09-27T15:41:19.968Z,Pentingsari
baguss seruu bgt homestaynya nyaman bersih orangnya ramahh makanannya enakkkkk suasananya juga enak bgt videonya juga kerenn,5,Raisa Ammara,2024-09-14T03:27:11.842Z,Pentingsari
"Tempat yang bagus, saya baru abis dari desa itu",5,Penikmat hidup,2024-09-13T11:25:17.818Z,Pentingsari
"bagus bgt, orangnya ramah, bisa tau budaya budaya, viewnya cakep, recomended bgt deeehhhh 🫰🫰",5,audy,2024-09-13T10:43:09.348Z,Pentingsari
seru bgt sukaa!warganya ramah bgt❤️❤️,5,alea delavega,2024-09-13T10:43:09.218Z,Pentingsari
"NYAMANNN BANGETT SERUUU, bakal kangen kesinii asri bangett sejukk",5,andjani callysa,2024-09-12T07:23:45.523Z,Pentingsari
"Hari pertama disini saya melihat 4 ekor anjing depan homestay, hari terakhir disini saya melihat 4 ekor teman depan homestay",5,Raditya,2024-09-11T23:40:18.577Z,Pentingsari
"Sangat nyaman disini, aman dan tentram. Rekomen banget sih yg mau cari desa wisata di jogja. ""Berkunjunglah kembali sebagai saudara, bukan sebagai tamu"" 🥹🥹",5,rakha andreanov,2024-09-11T23:39:22.566Z,Pentingsari
mantap untuk pengalamannya seru seruu semuaaa,5,Katak Katak,2024-09-11T13:04:56.551Z,Pentingsari
Desa yg luar biasa memberi edukasi,5,Leonard Tamba,2024-09-04T07:53:16.557Z,Pentingsari
Seharian berkunjung ke desa ini dan sangat menarik menyaksikan kesederhanaan masyarakat desa dalam kesehariannya dan takjub dengan kepemimpinan para penggerak desa wisata ini yg sanggup berkembang dengan baik..,5,asep rudi,2024-09-04T07:53:04.567Z,Pentingsari
"Mari dukung desa wisata pentingsari.
Cocok utk lebih dari 5 org krn buat main gamelannya asyik",5,andri dwi wibowo,2024-09-04T07:51:58.115Z,Pentingsari
"desa dengan daya tariknya tersendiri, memiliki berbagai objek wisata yang tifak biasa, masyarakat yang sangat ramah menjadi poin utama sehingga bisa menikmati dan merasakan hidup di desa dengan value dan kearifan lokalnya",5,Lalu Riki Gita Sukma,2024-08-24T05:28:41.161Z,Pentingsari
"Banyak homestay, sejuk dan ramah2. Pelayanan prima dan keren",5,Alfian Helmi,2024-08-24T05:26:12.631Z,Pentingsari
"Top, kreatif, alami👍",5,g. prasetyo adhitama,2024-08-24T05:26:10.327Z,Pentingsari
Tempatnya memamg dibuat untuk camp dan kegiatan outbond..namun jalan menuju ke sana seperti labirin,5,friesca dewi,2024-07-25T08:50:03.096Z,Pentingsari
"Ini desa wisata
Salah satu desa yg berkembang dan desanya di well maintained dan bersih
Untuk kegiatan student trip 3 hari 2 malam wuoke banget ..letaknya 45-1 jam dari jogya",4,Arienta Wardhani,2024-07-12T00:46:35.546Z,Pentingsari
"Tempat untuk acara kumpul2,suasana asri,sejuk,tempat mengenalkan anak2 tentang alam.",5,Dedy Purnomo,2024-07-10T08:14:39.565Z,Pentingsari
Tempatnya syahdu pol,5,tia kristiena,2024-07-10T03:54:26.673Z,Pentingsari
Mau nyewa buat 15 org..Padahal warga cangkringan juga..tapi harus minimal 40 org buat sewa tempat nya,1,Nurhidayah Alinsani,2024-07-06T03:51:26.491Z,Pentingsari
Bagus sekali untuk program studi pendidikan dan kemandirian anak....,5,Sgung Rintoko,2024-06-28T20:23:20.565Z,Pentingsari
"Very good place with many places to visit, good weather. With some bad memories of volcano eruption in some areas of the village.",5,Kevin Respicius,2024-06-26T09:00:15.153Z,Pentingsari
tempat nya bersih rapi kamar mandi memadai buat masyarakat yang menggunakan buat camping,5,Purwanto Smk,2024-06-20T17:20:14.856Z,Pentingsari
Desa wisata yg sungguh luar bias,5,Setto Bledhug Purwanto,2024-06-19T09:00:14.964Z,Pentingsari
Good place to have a glimpse of village Tourism,5,Elizabeth Baluze,2024-06-13T08:37:06.243Z,Pentingsari
Penginapan Pak Amrullah Yusuf,5,Razky Julio Mamonto,2024-06-11T10:36:21.797Z,Pentingsari
"Desa wisata di kaki merapi, asri banget dan rapi",5,Hari Yunianto,2024-06-04T09:40:14.151Z,Pentingsari
"Desa wisata yang luar biasa pelayanannya, Desa yang Memajukan Ekonomi Rakyatnya, Rekomendasi Untuk Pelajar😊",5,muhammad hafidz,2024-06-01T20:01:32.510Z,Pentingsari
Sejuk dan indah,5,KISWO,2024-05-31T11:01:28.448Z,Pentingsari
Akses jalan kurang memadai,3,Biru Langit,2024-05-28T14:48:37.060Z,Pentingsari
"Senang berkunjung ke Desa Penting Sari dalam rangka study tiru  Forum Badan Permusyawaratan Nagari(BPN) Kabupaten Solok
Banyak Pengalaman yang kami dapat  tentang Desa Wisata Penting Sari terbaik di Indonesia",5,Jumahardi 11,2024-05-28T04:54:17.665Z,Pentingsari
bagussss,5,Galuh Raditya,2024-05-24T17:05:01.019Z,Pentingsari
Bagus unntuk satae sama keluarga.,5,Tukimin Tukimin,2024-05-19T04:15:22.500Z,Pentingsari
"This place is a hidden gem in Yogyakarta. The views are stunning, the people are friendly, and the activities are endless.

I highly recommend checking it out if you're looking for an authentic experience.",5,Rifqi Muhammad,2024-05-14T02:56:23.373Z,Pentingsari
Bu tuting,4,seno pro,2024-05-08T14:11:27.963Z,Pentingsari
"Tempatnya pas u kemah anak2, tp jalan ke lokasi masih kecil jadi kalau mobil berpapasan agak sulit berjalan",4,Mohammad Imam Santoso,2024-05-08T13:41:29.864Z,Pentingsari
Menyenangkan damai di tengah pedesaan,5,Agung Santoso,2024-05-08T03:42:44.025Z,Pentingsari
Tempat nyaman..adem bgt..asri..homestay rmh warga..,5,Sri Yulia,2024-05-07T11:57:59.540Z,Pentingsari
Sejuk,5,MUIN BRAGOLA,2024-05-05T04:55:51.508Z,Pentingsari
"Lokasi nyaman untuk kegiatan outbond,camping.fasilitas mck banyak,sumber air melimpah.",5,Budi Wiyono,2024-04-26T14:12:06.920Z,Pentingsari
Kawasannya masih asri banget bangak pohon2 besar,4,Antiqqq Manis,2024-04-26T12:43:24.429Z,Pentingsari
Tempat ini lumayan bagus untuk dikunjungi sebagai tempat outbond atau kegiatan rombongan lainnya. Tempatnya sejuk dan punya banyak potensi yang bisa dikembangkan terus sebagai sebuah desa wisata. Bisa ditambahkan beberapa atraksi yang dapat menambah minat wisatawan baik lokal maupun wisatawan asing.,4,Made Wirautama,2024-04-25T14:16:46.875Z,Pentingsari
toiletnya bersih warganya ramah,5,Gundil Gundala,2024-04-21T02:04:01.014Z,Pentingsari
Sipp.. Tempatnya asrii,5,Pakdemarto Jr,2024-04-09T09:43:16.572Z,Pentingsari
Kemah Saka Kalpataru Kota Yogyakarta 2024,5,Karunya Saka Listianto,2024-03-03T07:28:48.543Z,Pentingsari
Suasananya desanya sejuk,5,Wawan Iswahyudi,2024-02-15T05:09:54.092Z,Pentingsari
Di desa nya enak banget dingin sejuk pokoknya jadi pengen kesana lagi,5,Wildan Ahmad,2024-02-12T04:01:24.087Z,Pentingsari
Acara DPD AELI DIY,5,Puguh Dwi Kuncoro,2024-02-09T08:47:27.347Z,Pentingsari
"Desanya masih asri dan banyak homestay disediakan disini, sayang warung jajanannya sedikit,",5,novitri maulida,2024-02-08T16:45:01.859Z,Pentingsari
Pemilik homestay nya baik orang nya ramah ramah,5,Zein Albani Gaza,2024-02-06T09:31:52.981Z,Pentingsari
Pas kemah di situ Susana nya enakkk. Pas pulang kangen pengen kemah di situ lagi.,5,Fista Fajeriyani17,2024-02-05T04:03:50.405Z,Pentingsari
"Tempat yg bagus, sejuk penduduknya humble...cocok dah buat homestay",5,didi ismaun,2024-02-04T15:31:18.357Z,Pentingsari
Tempatnya enak untuk berkegiatan dan penduduknya ramah,4,Soesy Hendarti,2024-02-01T10:57:49.014Z,Pentingsari
bau ikan asin,1,Nanno,2024-01-24T22:28:19.829Z,Pentingsari
"tempat nyaa seruuu bangettt yang pasti banyak banget kenangan di sanaa, jadi gamon sama Jogja dehh 😁",5,Aluma Hikmanti,2024-01-07T08:58:50.247Z,Pentingsari
Desanya sejuk,5,jarwo jarwi,2023-12-28T14:09:55.078Z,Pentingsari
Sangat asri dan sejuk,5,Abu Uwais,2023-12-24T17:08:58.259Z,Pentingsari
"Wargamya ramah-ramah, baik hati, homestay harga terjangkau, makanannya enak-enak. Terima kasih 🙏",5,Lala Nandi,2023-12-23T12:10:34.003Z,Pentingsari
"Tempatnya sangat terorganisir menurut saya. Aman, nyaman, asri, cocok untuk makrab bersama teman-teman",4,Puput Cahyaningrum,2023-12-19T14:39:07.931Z,Pentingsari
"I can say a word, it was great. The homestay was great, food was good.",5,dina mauli,2023-12-15T02:50:00.815Z,Pentingsari
"tempatnya enak, adem, gak terlalu ramai juga",5,adhitiyo kuncoro,2023-11-26T07:53:20.187Z,Pentingsari
"Dua malam dua hari berada di desa wisata Pentingsari merupakan momen-momen yang akan terus saya rindukan. Keramah tambahan warganya, obrolan malam di beranda teras rumah ditemani alunan melodi binatang malam yang semakin menambah kesyahduan malam di desa pentingsari

Dan kegiatan dan destinasi wisata yang tidak pernah habis untuk memikat siapapun yang pergi untuk datang berkunjung kemari

Berkunjung kemari seperti membuat kami berada dekat dengan rumah yang bentangan kilometer nun jauh disana

Semoga kelak bisa kembali hadir kembali di tengah-tengah keramahan dan keharmonisan masyarakat Pentingsari",5,muhamad hafiz sakti,2023-10-27T15:56:18.905Z,Pentingsari
Lebih baik lagi,5,homestay di jogja,2023-10-17T10:33:40.472Z,Pentingsari
Pas kesana nda ada pengurus nya...,5,homestaydijogja manajemen,2023-10-13T12:42:23.210Z,Pentingsari
rute jln tiap hari,5,Dwi Ismu Haryanto,2023-09-01T12:03:56.355Z,Pentingsari
Siiipppp,5,Jalu Surono,2023-08-25T09:12:50.546Z,Pentingsari
Dusun yang asri sejuk dan juga berbudaya,4,Totok Sondong Hartanto,2023-08-21T17:29:46.127Z,Pentingsari
Istimewa,5,Sigith Mulai Bosan,2023-08-13T10:18:16.972Z,Pentingsari
Mantapp untuk acara ngafemm,5,Reviewer,2023-07-30T12:42:07.314Z,Pentingsari
"Pertama kali kesini, tempat yang bagus, desa wisata yg menyenangkan, menyegarkan dan asri. Ada warung untuk makannya, ada mushala, ada tempat camping, ada lapangan dan beberapa aktivitas lainnya.",4,Donan Satria,2023-07-30T04:07:26.912Z,Pentingsari
"Salah satu Desa wisata di Sleman, Jogja",5,Bian & Jose,2023-07-23T23:00:00.801Z,Pentingsari
"MasyaAllah tiba tiba keinget jaman SMA 8 yogyakarta, 2009-2012 pernah 2x homestay disini, bahkan acara foto yearbook aku ambil tema disini 🥰 kapan2 kalo ada sempat ke Jogja ajak suami dan anak main kesini insyaAllah..
Pertama aku dapat tempat di rumah (udah lupa) nama bapak ibu yg punya rumahnya, yg deket kopi madukoro, misal kesana pas musim manggis pasti pulange dibawain manggis se kresek. Yg kedua nggak ada yang diingat sama sekali aku kebagian tempat di rumah bapak ibu yang mana, atau sama ya waktu ituu aah lupaaa..
Yang jelas memorinya dapet banget, suasananya, setiap mau main ke tempate temen lewatin kebon kanan kiri yang gelap kalo udah sore, ngajarin anak2 SD (kaya KKN gitu), outbound, belajar tentang komoditas lokal dari penanaman , panen, sampe pengolahan, setiap malam kumpul di joglo yang jauh dari rumah inap aku, kalo mau pergi kudu tunggu2an sama temen2 yang lain, belajar masak di pawon pake kayu (ya ini mah sering liat di rumah nenek), nggak kerasa udah hampir 15 tahun yang lalu ya aku ke Dewi Peri ini. Sukses selalu ya.. Semoga makin banyak dikenal, makin ramai pengunjungnya..",5,Oriza Ayu,2023-07-22T16:45:10.955Z,Pentingsari
Desanya silent tp penuh dinamika di dalamnya..ada progres yg pelan  tapi pesat yg didapat..,5,Imiksrisubekti Subekti,2023-07-12T02:33:58.526Z,Pentingsari
"Tempatnya nyaman, banyak ilmu yang didapat",5,Muhammad Nurkholis,2023-07-07T22:18:15.941Z,Pentingsari
"warganya ramah2, homestay nya bersih, makanannya enak",5,Rabistania Soedarwo,2023-07-07T03:49:24.664Z,Pentingsari
"Banyak ilmu yang dapat diperoleh dari sini desa wisata penting sari
Mantab",4,Nano Nano Sutrisno,2023-07-05T07:59:28.182Z,Pentingsari
Sangat menyenangman berada di Desa ini. Warga2nya sangat ramah dan tempatnya asri serta banyak kegiatan yang bisa dilakukan.,5,G. Meliantha,2023-06-30T12:29:48.469Z,Pentingsari
"Untuk olahraga bersepeda, hawanya sejuk",5,Wur Yanto,2023-06-26T20:28:53.826Z,Pentingsari
Seneng,5,Wisnuadinugroho Wisnuaddi,2023-06-25T15:26:55.674Z,Pentingsari
Pendompo nya,5,shuazonn,2023-06-24T00:24:48.475Z,Pentingsari
"Nyaman,ramah, dan seru",4,Athar Tegar,2023-06-23T04:10:20.856Z,Pentingsari
nyaman makanan enak,4,Hakeem Abdurrahim,2023-06-23T04:10:19.809Z,Pentingsari
Tempat yg menarik. Suasana desa yang tenang dan teduh. Homestay-nya murah 100rb-an. Buat yg ingin merasakan bermalam di desa boleh dicoba.,5,tono dzaky,2023-06-22T11:44:14.191Z,Pentingsari
Best  Education Vacation,5,Riviera PhotoBooth,2023-06-12T13:35:35.863Z,Pentingsari
Sejuk asri,4,Anto Nrodo,2023-05-31T01:01:40.248Z,Pentingsari
"Desa wisata yg lengkap untuk dijelajahi.. Camping groundnya yg harus antri sudah cukup jd bukti banyaknya peminat yg kemari. Semoga pengelola bisa menambah, menjaga & memperbaiki prasarana yg kurang memadai..",5,Denvry,2023-05-16T11:13:21.679Z,Pentingsari
Suasana pedesaan nan natural dan alami dengan udara segar yang sangat tepat dalam membawa nuansa kegiatan di alam dalam bentuk Live In bagi para siswa sekolah khususnya SMP agar wawasan dan pengalaman mereka terhadap lingkungan menjadi lebih luas serta membentuk karakter yang tangguh dan peduli.,5,Eko Febrianto,2023-05-11T04:23:21.140Z,Pentingsari
"Seru bangett, orang orangnya ramah",5,Yunita rinova Indah,2023-04-26T03:13:56.458Z,Pentingsari
Tempatnya adem dan asri,5,Riana Istiqomah,2023-04-25T05:17:03.841Z,Pentingsari
"Tempatnya sejuk banyak pohon, warga nya ramah, akses masuk mudah, jalan bagus",5,Feri priyanto,2023-03-18T12:18:54.786Z,Pentingsari
Keren,5,Rifqi Ibnu Syauqi,2023-03-18T07:02:11.713Z,Pentingsari
Seru,5,Fajar Darmanto,2023-03-17T04:34:23.619Z,Pentingsari
Terima.kasih kepada seluruh warga DS. PETINGSARI..WPNDERFUL PLACE..,5,ROBIAH ADAWIYAH,2023-03-16T14:40:38.375Z,Pentingsari
"kemarin studytour kesana tempatnya bisa dijadikan tempat berlibur, sangat asri tempatnya, sejuk, orang disana ramah ramah, pemilik homestay sangat ramah sekali, banyak sekali tempat yang bisa dikunjungi di dalamnya, semogaa bisa kesana lagi, thank u pengalamannya desa pentingsari",5,Athaya Fairuz Jilan,2023-03-12T04:53:26.185Z,Pentingsari
"Tempat ibadah kurang,ga ada fasilitas seperti tikar",4,Rifki Yoga,2023-03-11T13:37:16.455Z,Pentingsari
"seruuu bangetttt + orang nya ramah ramah, anw aku anak sman 5 bekasi💝",5,X9 Zahra Rafa Salsabilla,2023-03-07T06:06:10.019Z,Pentingsari
"Sangat bagus
Induk Semangnya sangat baik dan ramah, udaranya sejuk dan banyak pengalaman yang saya dapatkan di sini. Semoga kapan-kapan saya bisa ke sini lagi👍",5,Farah Aisyah Putri,2023-03-04T14:07:12.783Z,Pentingsari
"Belajar dialamnya
Mendapatkan pengalaman baru
Seru pokoknya.....",5,MrBasm88,2023-03-04T07:18:57.041Z,Pentingsari
Kerennn    masyarakatnya sangat bersahabat... Buat explore aktivitas anak2  keren,5,endang susanti,2023-03-01T05:03:09.031Z,Pentingsari
"Buat study tour mantep sih ini,ada acara susur sungai,membatik,cara pembuatan kopi,makanan lokal,bikin wayang,dll",5,Rafi Ribiansyah,2023-02-26T08:04:18.924Z,Pentingsari
"Cocok untuk study tour atau kunjungan yang berkelompok,pemandanganya juga gokill",5,anak “AFK” manusia,2023-02-26T07:44:16.621Z,Pentingsari
oke,5,doto otong,2023-02-24T13:51:39.870Z,Pentingsari
Mantap!!!,5,Fatih prabowo,2023-02-23T23:34:36.003Z,Pentingsari
"Berasa malas pulang deh klo udh sampai di sini... Ramah, makanannya enak, homestay nya nyaman, bersih",5,Neneng Deti,2023-02-23T14:33:11.998Z,Pentingsari
Ngangenin! Biar bintang yang berbicara.,5,Jibran Hanif,2023-02-23T14:33:01.799Z,Pentingsari
bakso tempat warungnya wenak tenan buintang lima wenak poll!!!!!!!!!!!!!!!,5,Kayla Marsha,2023-02-21T10:16:02.809Z,Pentingsari
Lumayan untuk mengenang masa kecil dikampung,5,Trian Pambudi,2023-02-17T03:51:08.310Z,Pentingsari
Desa Wisata Pentingsari,4,Anjas Asmoro,2023-02-14T02:22:13.121Z,Pentingsari
"Affordable price, and i really like warung si mbok..",4,Sakti Al Fattaah,2023-02-11T11:49:13.621Z,Pentingsari
"Desa wisata dengan view pepohonan hijau,",5,Rian Hermawan,2023-02-11T06:25:57.367Z,Pentingsari
"Desa wisata ini sering digunakan buat wisata edukasi dan outbond
Wisatawan kebanyakan dari anak sekolah maupun kampus dan disana bisa belajar membuat eko enzym, anyaman tikar, bermain gamelan, mengolah kopi dll
Ada beberapa homestay juga buat menginap disana 👍",5,Ratna Yuwono,2023-02-01T14:06:56.633Z,Pentingsari
"Tempatnya cozy banget, adem, cocok buat acara keluarga besar",5,Velia Athaya,2023-01-29T15:03:57.779Z,Pentingsari
sejuk dan asri,5,Hamdani,2023-01-17T12:30:26.238Z,Pentingsari
"Desa wisata yg menawarkan keindahan alam serta pengalaman membatik,memainkan gamelan,susur sungai, warga ramah sekali.",5,Bima Wibowo,2023-01-07T11:19:36.774Z,Pentingsari
"Desa yg asri, penduduk yg ramah, suasana yg sejuk, memberikan ketenangan dan kenyamanan 🥰",5,Galuh Yeni Maisaroh,2023-01-06T06:09:30.864Z,Pentingsari
Bagus tempatnya,5,snor lax,2022-12-21T11:13:51.729Z,Pentingsari
Asik buat outbond . Kembali ke alam . Makanannya khas ndeso,5,safira putri,2022-12-20T07:28:46.667Z,Pentingsari
"Tempatnya nyaman,sejuk dgn nuansa pedesaan.",5,Supri Yanto,2022-12-10T11:42:20.783Z,Pentingsari
Suasana alam buat outbound sangat cocok recomended buat cari hawa sejuk disini,5,Panca Lima,2022-12-08T08:06:00.369Z,Pentingsari
Good environment,5,Kopi Si Ndoro,2022-12-06T03:59:53.498Z,Pentingsari
inspiratif sekali... mantap!   banyak memberi ilham bagi daerah2 lain utk bangkit dari 'kegelapan'.   semangat utk maju dgn kegotongroyongan dalam mengexplore potensi dan kearifan lokal.,5,Susilo SSL,2022-12-02T05:26:17.018Z,Pentingsari
"Tempat wisata tema sawah dan desa

Saya bilang disini orang2nya sangat ramah dan baik... mereka benar2 tau bagaimana memfasilitasi tamu dengan baik.

Selain menanam padi ada juga wisata flying fox, camp, dan arung jeram

Maksimal banget klo kesini bersama keluarga dan teman2",5,Hadit Fikri,2022-11-28T04:46:10.053Z,Pentingsari
Desa wisata alam pedesaan sederhana dengan masyarakat yang hebat,5,Job Pamungkas,2022-11-26T08:56:16.231Z,Pentingsari
Tempat yang tenang untuk menyepi,5,Ramly Hidayat,2022-11-23T08:30:41.125Z,Pentingsari
"Desa ini tenang banget. Banyak homestaynya. Cocok untuk kegiatan mahasiswa dan remaja belajar budaya masyarakat setempat dan camping bareng.Harus tinggal disana untuk merasakan desa ini. Tanpa ada kunjungan/acara desa ini sepi tidak ada aktivitas,",5,Septi Wulandani,2022-11-10T06:42:16.628Z,Pentingsari
kegiatan homestay yg seru ada membatik..nari.. bikin kopi..dan mendesa pokoknyaaa...,5,Piristin vlog,2022-11-08T08:21:53.182Z,Pentingsari
"twmpatnya super duperr cozy bgtt, ada kolam ikannya yg cantikk",5,Aini Ummy Hanifah,2022-10-26T11:25:30.400Z,Pentingsari
Tempat yg nyaman sejuk dn menyegarkan.,5,Joko Sutikno,2022-10-23T13:17:56.520Z,Pentingsari
"Tempat wisata yang sangat menarik untuk dikunjungi. Tempat wisata ini dikelola oleh kelompok pemuda.

Tersedianya beragam anemitas di desa wisata pentingsari akan membuat anda semakin banyak menghabiskan waktu pada kawasan ini.

Beberapa atraksi wisata yang biasa disajikan adalah gamelan jawa, pengolahan kopi tradisional dan kesenian rakyat lainnya.

Tersedinya lapangan yang luas, memungkinkan anda untuk melakukan kegiatan camping, fun games dan kegiatan untuk grup besar lainnya.

Sajian khas kuliner pedesaan akan memanjakan selera anda. Semoga anda bisa meluangkan waktu untuk mengunjungi desa wisata pentingsari.",5,Gawai Kerja,2022-10-12T06:00:47.392Z,Pentingsari
"Nyaman, sejuk, cocok utk acara pelatihan2. Kemarin ikut Kuliah Thibbun Nabawi Spraylogi HPAIC TN. Haji Ismail Ahmad",5,M.Ay.T. Wihastuti S. S.H.,2022-10-02T01:16:41.324Z,Pentingsari
Tempatnya asri sejuk,5,Amarillis Crostarosa,2022-09-29T14:25:24.759Z,Pentingsari
Adem bener,5,Yudha Prawira,2022-09-26T06:43:28.142Z,Pentingsari
"Bisa dijadikan salah satu opsi untuk camping/makrab dll. Ada mushola, pendopo, ruang kesehatan, dan toilet. Untuk reservasi bisa dichat kontak atau langaung datang ke sana. Belum sempat pakai karena kemarin naru survei.",5,nindi tress,2022-09-21T02:28:20.152Z,Pentingsari
"Sejuk tempatnya , enak untuk camping ground acara komunitas dan lainnya, makanan enak 👍🏻",5,Gregorius Sakti,2022-09-10T17:35:32.639Z,Pentingsari
Getring Jasa Armada Indonesia Tbk,5,Amin Uddin,2022-09-09T07:16:12.995Z,Pentingsari
"Desa wisata yang asri, hijau, dan penduduk yang ramah... Cocok sekali untuk jalan-jalan di akhir pekan, khususnya bagi yang merindukan suasana pedesaan yang asri.",4,Rasmi Nur Aeni,2022-09-06T08:21:52.908Z,Pentingsari
Kurang puas,3,heri faizal,2022-09-02T15:44:40.715Z,Pentingsari
Pemandunya ramah dan asik,5,andreas pandu,2022-08-28T15:15:44.127Z,Pentingsari
Tempatnya adem ayem menyejukkan.,5,Suwandi Wandi,2022-08-27T00:50:57.880Z,Pentingsari
"Suasana asri,nyaman,aman dan ditambah keramahan penduduknya👍👍👍",5,hari wahyudiyono,2022-08-22T06:16:01.653Z,Pentingsari
Tempat dan suasana yang nyaman.. Homestay nya cozy lingkungan sekitar juga asik..,5,Nur Wisata,2022-08-11T05:08:07.848Z,Pentingsari
Menarik,5,Endri 57,2022-08-05T08:48:37.386Z,Pentingsari
Kopinya mantap,5,joko sutikno,2022-08-04T09:26:21.272Z,Pentingsari
"Wisata desa yg begitu mengasyikan,,keramahan warga nya,kebersihannya,dan kearifan lokal nya tetap terjaga",5,Oneng Nani,2022-07-30T12:56:13.474Z,Pentingsari
"Desa wisata yg keren , pengelola ramah dan komunikatif",5,Arya Satya,2022-07-28T07:29:11.365Z,Pentingsari
"Camping di pekarangan... Lokasinya masuk jalan kecil di desa, fasilitas cukup oke, kamar mandi bersih walau WCnya jongkok. Ada cafe yang sedia minuman rempah yang enaak dan murah meriah. Masakan catering nya masakan rumahan yang rasanya enak pas di lidah.
Bagus untuk acara2 komunitas dan grup besar.",4,Dini Abubakar,2022-07-20T15:37:48.008Z,Pentingsari
Sangat nyaman,5,Andre Sigarantang Panimoe,2022-07-16T13:16:18.276Z,Pentingsari
Desa wisata tempat yg sejuk banyak homestay nya,5,Budi Chriswanto,2022-07-14T05:52:07.288Z,Pentingsari
"tempatnya asikk parahh.. udara juga masih seger, warga sekitar juga ramah ramah.. suka banget pokonya..",5,0763_Istiqomatunnisa,2022-07-10T13:54:54.602Z,Pentingsari
"Desa wisata ini salah satu desa wisata yang sudah maju, terbukti dari beberapa desa dari tempat lain terkadang melakukan kunjungan belajar ke desa ini, selain suasananya yang khas pedesaan, disini juga tersedia berbagai macam menu makanan yang enak enak, ada juga yang menjajakan minuman tradisional daerah tersebut. Harganya pun cukup terjangkau. Recommended lah kalau semisal ada yang ingin membuat event di desa ini. Terimakasih 😊",5,Risqi Muhamad Arifin,2022-07-07T04:12:29.420Z,Pentingsari
"bagus bt ajk ank2 camping, agar bisa mandiri..",5,Sahroni Jakarta,2022-07-06T08:22:32.561Z,Pentingsari
"yang mau Camp bisa nginep di homestay bisa udaranya dingin, soal makan ada sekitaran situ, bersih, Warganya Welcome banget",5,Oyot Chanel,2022-07-06T08:14:17.378Z,Pentingsari
Adem nemen lik... cocok kanggo turu-mangan-dolan-mangan-turu 😆😆😆,4,ade superyogi,2022-06-28T17:36:25.079Z,Pentingsari
"Tempat menggelar acara seni,kemping dll, akses jalan yang berliku liku sehingga perlu penunjuk arah serta lokasi parkir yang cukup terbatas adalah salah satu kendala nya",3,Al,2022-06-27T08:37:36.969Z,Pentingsari
"penduduk nya ramah2, pedesaan banget adem sejuk, produksi kopinya enak banget dan murah.... recommend bgt buat healing😘😘😘",5,titik wahyuni,2022-06-22T06:16:01.110Z,Pentingsari
"dewi peri atau desa wisata petingsari, dilrngkapi dengan warung makan khas desa. Warunge simbok, kapasitas bisa menampung 700 peserta acara camping",3,Joko sulistyo (joko),2022-06-21T11:08:20.867Z,Pentingsari
"tempat yang pas buat melepas lelah dari hiruk pikuknya aktifitas kota,coba dech stay 1 or 2 malam di home stay yang disediakan oleh warga. suasananya benar-benar tenang dan sepi",5,risda febrianto,2022-06-18T08:34:24.916Z,Pentingsari
"Salah satu desa wisata favorit di jogja. berada di daerah merapi. di tempat ini yang pernah kurasakan bersama tempatku mengajar adalah mengikuti kegiatan live in, kemah, fieldtrip dll.

ada lapangan ada gazebo ada permainan cocok untuk kegiatan outing dan outbound",5,misteraans,2022-06-18T03:14:36.835Z,Pentingsari
Cannot describe with words. Really love it!,5,Nicolaus Liu,2022-06-18T00:36:34.426Z,Pentingsari
Jalan kaki pagi di desa pentingsari sangat nyaman ....jgn lupa sarapan di omahe simbok....,5,Phitoet Wulandari,2022-06-11T05:09:05.045Z,Pentingsari
"A place with a wonderful memory for the me! The host family is so friendly and always there when we need them, their food is simple but delicious, you can feel the warmth and the homemade taste. There's a lot of attraction and activities that you can do around the village, so there's no time to rest! Waking up in the morning with rooster crowing, the sound of nenek sweeping the yard and a cold temperature",5,Dyah Puspitarini,2022-06-10T12:43:51.099Z,Pentingsari
Tempat yg nyaman utk keluarga menikmati suasana desa,5,E8• Gaming,2022-06-02T10:55:47.238Z,Pentingsari
"Mantap, harus mampir kalau baru di Jogja.",5,Dewi Puji Lestari,2022-06-02T09:28:12.096Z,Pentingsari
Tempatnya nyaman dan bersih,5,Yusuf Sofyan,2022-05-29T02:04:19.966Z,Pentingsari
